round,numbers,bonusNumber,firstWinningAmount,drawDate
1182,"[1, 13, 21, 25, 28, 31]",22,2124785424,2025-07-26
1181,"[8, 10, 14, 20, 33, 41]",28,1593643500,2025-07-19
1180,"[6, 12, 18, 37, 40, 41]",3,2535566421,2025-07-12
1179,"[3, 16, 18, 24, 40, 44]",21,2162821097,2025-07-05
1178,"[5, 6, 11, 27, 43, 44]",17,2391608407,2025-06-28
1177,"[3, 7, 15, 16, 19, 43]",21,4576672000,2025-06-21
1176,"[7, 9, 11, 21, 30, 35]",29,2052166154,2025-06-14
1175,"[3, 4, 6, 8, 32, 42]",31,1384026094,2025-06-07
1174,"[8, 11, 14, 17, 36, 39]",22,1910619425,2025-05-31
1173,"[1, 5, 18, 20, 30, 35]",3,1179946063,2025-05-24
1172,"[7, 9, 24, 40, 42, 44]",45,2203004452,2025-05-17
1171,"[3, 6, 7, 11, 12, 17]",19,1128345286,2025-05-10
1170,"[3, 13, 28, 34, 38, 42]",25,1386550969,2025-05-03
1169,"[5, 12, 24, 26, 39, 42]",20,2852735813,2025-04-26
1168,"[9, 21, 24, 30, 33, 37]",29,2136635914,2025-04-19
1167,"[8, 23, 31, 35, 39, 40]",24,2884087913,2025-04-12
1166,"[14, 23, 25, 27, 29, 42]",16,2072319938,2025-04-05
1165,"[6, 7, 27, 29, 38, 45]",17,2192485270,2025-03-29
1164,"[17, 18, 23, 25, 38, 39]",22,2193092164,2025-03-22
1163,"[2, 13, 15, 16, 33, 43]",4,1936891150,2025-03-15
1162,"[20, 21, 22, 25, 28, 29]",6,823931021,2025-03-08
1161,"[2, 12, 20, 24, 34, 42]",37,1792657969,2025-03-01
1160,"[7, 13, 18, 36, 39, 45]",19,2509359875,2025-02-22
1159,"[3, 9, 27, 28, 38, 39]",7,1284854250,2025-02-15
1158,"[21, 25, 27, 32, 37, 38]",20,1394358197,2025-02-08
1157,"[5, 7, 12, 20, 25, 26]",28,2257842157,2025-02-01
1156,"[30, 31, 34, 39, 41, 45]",7,1505207090,2025-01-25
1155,"[10, 16, 19, 27, 37, 38]",13,4066375179,2025-01-18
1154,"[4, 8, 22, 26, 32, 38]",27,1854965425,2025-01-11
1153,"[1, 9, 10, 13, 35, 44]",5,2027312925,2025-01-04
1152,"[30, 31, 32, 35, 36, 37]",5,874349668,2024-12-28
1151,"[2, 3, 9, 15, 27, 29]",8,1620503030,2024-12-21
1150,"[8, 9, 18, 35, 39, 45]",25,1570620309,2024-12-14
1149,"[8, 15, 19, 21, 32, 36]",38,1613380765,2024-12-07
1148,"[3, 6, 13, 15, 16, 22]",32,2073332308,2024-11-30
1147,"[7, 11, 24, 26, 27, 37]",32,3323422079,2024-11-23
1146,"[6, 11, 17, 19, 40, 43]",28,2526476353,2024-11-16
1145,"[2, 11, 31, 33, 37, 44]",32,3051630084,2024-11-09
1144,"[3, 4, 12, 15, 26, 34]",6,1489347375,2024-11-02
1143,"[10, 16, 17, 27, 28, 36]",6,2545657023,2024-10-26
1142,"[2, 8, 28, 30, 37, 41]",22,3117517709,2024-10-19
1141,"[7, 11, 12, 21, 26, 35]",20,2457758285,2024-10-12
1140,"[7, 10, 22, 29, 31, 38]",15,2279823938,2024-10-05
1139,"[5, 12, 15, 30, 37, 40]",18,2167490972,2024-09-28
1138,"[14, 16, 19, 20, 29, 34]",35,1902656786,2024-09-21
1137,"[4, 9, 12, 15, 33, 45]",26,2023447688,2024-09-14
1136,"[21, 33, 35, 38, 42, 44]",1,2314468157,2024-09-07
1135,"[1, 6, 13, 19, 21, 33]",4,2953726125,2024-08-31
1134,"[3, 7, 9, 13, 19, 24]",23,1755689384,2024-08-24
1133,"[13, 14, 20, 28, 29, 34]",23,2105079491,2024-08-17
1132,"[6, 7, 19, 28, 34, 41]",5,2404951807,2024-08-10
1131,"[1, 2, 6, 14, 27, 38]",33,1542367898,2024-08-03
1130,"[15, 19, 21, 25, 27, 28]",40,2263301219,2024-07-27
1129,"[5, 10, 11, 17, 28, 34]",22,2369567660,2024-07-20
1128,"[1, 5, 8, 16, 28, 33]",45,419925560,2024-07-13
1127,"[10, 15, 24, 30, 31, 37]",32,2267891969,2024-07-06
1126,"[4, 5, 9, 11, 37, 40]",7,2386382421,2024-06-29
1125,"[6, 14, 25, 33, 40, 44]",30,2195289188,2024-06-22
1124,"[3, 8, 17, 30, 33, 34]",28,2623327913,2024-06-15
1123,"[13, 19, 21, 24, 34, 35]",26,1731310711,2024-06-08
1122,"[3, 6, 21, 30, 34, 35]",22,2556266046,2024-06-01
1121,"[6, 24, 31, 32, 38, 44]",8,2524513262,2024-05-25
1120,"[2, 19, 26, 31, 38, 41]",34,2522163375,2024-05-18
1119,"[1, 9, 12, 13, 20, 45]",3,1396028764,2024-05-11
1118,"[11, 13, 14, 15, 16, 45]",3,1477445132,2024-05-04
1117,"[3, 4, 9, 30, 33, 36]",7,3028385542,2024-04-27
1116,"[15, 16, 17, 25, 30, 31]",32,2695000238,2024-04-20
1115,"[7, 12, 23, 32, 34, 36]",8,2257278282,2024-04-13
1114,"[10, 16, 19, 32, 33, 38]",3,1583813824,2024-04-06
1113,"[11, 13, 20, 21, 32, 44]",8,1987426822,2024-03-30
1112,"[16, 20, 26, 36, 42, 44]",24,2804455650,2024-03-23
1111,"[3, 13, 30, 33, 43, 45]",4,1714662540,2024-03-16
1110,"[3, 7, 11, 20, 22, 41]",24,1647392719,2024-03-09
1109,"[10, 12, 13, 19, 33, 40]",2,1584352875,2024-03-02
1108,"[7, 19, 26, 37, 39, 44]",27,1957990849,2024-02-24
1107,"[6, 14, 30, 31, 40, 41]",29,2025625233,2024-02-17
1106,"[1, 3, 4, 29, 42, 45]",36,2790462819,2024-02-10
1105,"[6, 16, 34, 37, 39, 40]",11,1834853800,2024-02-03
1104,"[1, 7, 21, 30, 35, 38]",2,1817193100,2024-01-27
1103,"[10, 12, 29, 31, 40, 44]",2,1574419633,2024-01-20
1102,"[13, 14, 22, 26, 37, 38]",20,1383591413,2024-01-13
1101,"[6, 7, 13, 28, 36, 42]",41,2100529500,2024-01-06
1100,"[17, 26, 29, 30, 31, 43]",12,2207575472,2023-12-30
1099,"[3, 20, 28, 38, 40, 43]",4,2959934125,2023-12-23
1098,"[12, 16, 21, 24, 41, 43]",15,1930461895,2023-12-16
1097,"[14, 33, 34, 35, 37, 40]",4,3864293090,2023-12-09
1096,"[1, 12, 16, 19, 23, 43]",34,2539391175,2023-12-02
1095,"[8, 14, 28, 29, 34, 40]",12,2617825575,2023-11-25
1094,"[6, 7, 15, 22, 26, 40]",41,2112854469,2023-11-18
1093,"[10, 17, 22, 30, 35, 43]",44,1967040750,2023-11-11
1092,"[7, 18, 19, 26, 33, 45]",37,1583289844,2023-11-04
1091,"[6, 20, 23, 24, 28, 30]",44,2898470459,2023-10-28
1090,"[12, 19, 21, 29, 40, 45]",1,2386494614,2023-10-21
1089,"[4, 18, 31, 37, 42, 43]",40,2978522167,2023-10-14
1088,"[11, 21, 22, 30, 39, 44]",31,2434697898,2023-10-07
1087,"[13, 14, 18, 21, 34, 44]",16,1732253602,2023-09-30
1086,"[11, 16, 25, 27, 35, 36]",37,1515913809,2023-09-23
1085,"[4, 7, 17, 18, 38, 44]",36,1073277473,2023-09-16
1084,"[8, 12, 13, 29, 33, 42]",5,1738764600,2023-09-09
1083,"[3, 7, 14, 15, 22, 38]",17,1713084525,2023-09-02
1082,"[21, 26, 27, 32, 34, 42]",31,3720489643,2023-08-26
1081,"[1, 9, 16, 23, 24, 38]",17,2343892944,2023-08-19
1080,"[13, 16, 23, 31, 36, 44]",38,3639444429,2023-08-12
1079,"[4, 8, 18, 24, 37, 45]",6,2712329417,2023-08-05
1078,"[6, 10, 11, 14, 36, 38]",43,2141604938,2023-07-29
1077,"[4, 8, 17, 30, 40, 43]",34,3570901018,2023-07-22
1076,"[3, 7, 9, 33, 36, 37]",10,2672689750,2023-07-15
1075,"[1, 23, 24, 35, 44, 45]",10,2896337167,2023-07-08
1074,"[1, 6, 20, 27, 28, 41]",15,2134763657,2023-07-01
1073,"[6, 18, 28, 30, 32, 38]",15,2345227603,2023-06-24
1072,"[16, 18, 20, 23, 32, 43]",27,2175006375,2023-06-17
1071,"[1, 2, 11, 21, 30, 35]",39,5183979750,2023-06-10
1070,"[3, 6, 14, 22, 30, 41]",36,1859116929,2023-06-03
1069,"[1, 10, 18, 22, 28, 31]",44,1863217554,2023-05-27
1068,"[4, 7, 19, 26, 33, 35]",3,1363929514,2023-05-20
1067,"[7, 10, 19, 23, 28, 33]",18,1981114010,2023-05-13
1066,"[6, 11, 16, 19, 21, 32]",45,1670947250,2023-05-06
1065,"[3, 18, 19, 23, 32, 45]",24,1852593938,2023-04-29
1064,"[3, 6, 9, 18, 22, 35]",14,1348168106,2023-04-22
1063,"[3, 6, 22, 23, 24, 38]",30,3770311875,2023-04-15
1062,"[20, 31, 32, 40, 41, 45]",12,3801933804,2023-04-08
1061,"[4, 24, 27, 35, 37, 45]",15,2422768773,2023-04-01
1060,"[3, 10, 24, 33, 38, 45]",36,898238907,2023-03-25
1059,"[7, 10, 22, 25, 34, 40]",27,2033168481,2023-03-18
1058,"[11, 23, 25, 30, 32, 40]",42,2058020250,2023-03-11
1057,"[8, 13, 19, 27, 40, 45]",12,1616069714,2023-03-04
1056,"[13, 20, 24, 32, 36, 45]",29,1969662456,2023-02-25
1055,"[4, 7, 12, 14, 22, 33]",31,2362815205,2023-02-18
1054,"[14, 19, 27, 28, 30, 45]",33,3147925709,2023-02-11
1053,"[22, 26, 29, 30, 34, 45]",15,4090367411,2023-02-04
1052,"[5, 17, 26, 27, 35, 38]",1,2341682762,2023-01-28
1051,"[21, 26, 30, 32, 33, 35]",44,1669558480,2023-01-21
1050,"[6, 12, 31, 35, 38, 43]",17,1535083280,2023-01-14
1049,"[3, 5, 13, 20, 21, 37]",17,1727810100,2023-01-07
1048,"[6, 12, 17, 21, 32, 39]",30,1612494508,2022-12-31
1047,"[2, 20, 33, 40, 42, 44]",32,2748797875,2022-12-24
1046,"[7, 16, 25, 29, 35, 36]",28,2011415719,2022-12-17
1045,"[6, 14, 15, 19, 21, 41]",37,1990060443,2022-12-10
1044,"[12, 17, 20, 26, 28, 36]",4,3136941235,2022-12-03
1043,"[3, 5, 12, 22, 26, 31]",19,1468646956,2022-11-26
1042,"[5, 14, 15, 23, 34, 43]",4,1240663669,2022-11-19
1041,"[6, 7, 9, 11, 17, 18]",45,935091165,2022-11-12
1040,"[8, 16, 26, 29, 31, 36]",11,3660482625,2022-11-05
1039,"[2, 3, 6, 19, 36, 39]",26,1585019672,2022-10-29
1038,"[7, 16, 24, 27, 37, 44]",2,1627457225,2022-10-22
1037,"[2, 14, 15, 22, 27, 33]",31,1708576825,2022-10-15
1036,"[2, 5, 22, 32, 34, 45]",39,2837323167,2022-10-08
1035,"[9, 14, 34, 35, 41, 42]",2,3231193735,2022-10-01
1034,"[26, 31, 32, 33, 38, 40]",11,2868856209,2022-09-24
1033,"[3, 11, 15, 20, 35, 44]",10,1913414943,2022-09-17
1032,"[1, 6, 12, 19, 36, 42]",28,2675257538,2022-09-10
1031,"[6, 7, 22, 32, 35, 36]",19,3213957563,2022-09-03
1030,"[2, 5, 11, 17, 24, 29]",9,1276406507,2022-08-27
1029,"[12, 30, 32, 37, 39, 41]",24,2527848450,2022-08-20
1028,"[5, 7, 12, 13, 18, 35]",23,1181235132,2022-08-13
1027,"[14, 16, 27, 35, 39, 45]",5,2460504338,2022-08-06
1026,"[5, 12, 13, 31, 32, 41]",34,1619118475,2022-07-30
1025,"[8, 9, 20, 25, 29, 33]",7,6118853344,2022-07-23
1024,"[9, 18, 20, 22, 38, 44]",10,3020323500,2022-07-16
1023,"[10, 14, 16, 18, 29, 35]",25,2745677875,2022-07-09
1022,"[5, 6, 11, 29, 42, 45]",28,4866468075,2022-07-02
1021,"[12, 15, 17, 24, 29, 45]",16,2108962250,2022-06-25
1020,"[12, 27, 29, 38, 41, 45]",6,1966431520,2022-06-18
1019,"[1, 4, 13, 17, 34, 39]",6,438565140,2022-06-11
1018,"[3, 19, 21, 25, 37, 45]",35,12361744688,2022-06-04
1017,"[12, 18, 22, 23, 30, 34]",32,3517684822,2022-05-28
1016,"[15, 26, 28, 34, 41, 42]",44,2260660671,2022-05-21
1015,"[14, 23, 31, 33, 37, 40]",44,3051105610,2022-05-14
1014,"[3, 11, 14, 18, 26, 27]",21,2410449338,2022-05-07
1013,"[21, 22, 26, 34, 36, 41]",32,5047570725,2022-04-30
1012,"[5, 11, 18, 20, 35, 45]",3,1861944318,2022-04-23
1011,"[1, 9, 12, 26, 35, 38]",42,2220348512,2022-04-16
1010,"[9, 12, 15, 25, 34, 36]",3,3119380079,2022-04-09
1009,"[15, 23, 29, 34, 40, 44]",20,1702462825,2022-04-02
1008,"[9, 11, 30, 31, 41, 44]",33,2267377910,2022-03-26
1007,"[8, 11, 16, 19, 21, 25]",40,2718786375,2022-03-19
1006,"[8, 11, 15, 16, 17, 37]",36,2855602125,2022-03-12
1005,"[8, 13, 18, 24, 27, 29]",17,2061199344,2022-03-05
1004,"[7, 15, 30, 37, 39, 44]",18,2576251913,2022-02-26
1003,"[1, 4, 29, 39, 43, 45]",31,1811116822,2022-02-19
1002,"[17, 25, 33, 35, 38, 45]",15,3088449563,2022-02-12
1001,"[6, 10, 12, 14, 20, 42]",15,2077279594,2022-02-05
1000,"[2, 8, 19, 22, 32, 42]",39,1246819620,2022-01-29
999,"[1, 3, 9, 14, 18, 28]",34,1513274790,2022-01-22
998,"[13, 17, 18, 20, 42, 45]",41,2076499657,2022-01-15
997,"[4, 7, 14, 16, 24, 44]",20,1253749560,2022-01-08
996,"[6, 11, 15, 24, 32, 39]",28,1491185771,2022-01-01
995,"[1, 4, 13, 29, 38, 39]",7,3447271875,2021-12-25
994,"[1, 3, 8, 24, 27, 35]",28,1861582063,2021-12-18
993,"[6, 14, 16, 18, 24, 42]",44,3991197063,2021-12-11
992,"[12, 20, 26, 33, 44, 45]",24,1986955563,2021-12-04
991,"[13, 18, 25, 31, 33, 44]",38,2904166032,2021-11-27
990,"[2, 4, 25, 26, 36, 37]",28,1740095277,2021-11-20
989,"[17, 18, 21, 27, 29, 33]",26,5826768563,2021-11-13
988,"[2, 13, 20, 30, 31, 41]",27,2678489375,2021-11-06
987,"[2, 4, 15, 23, 29, 38]",7,2378711625,2021-10-30
986,"[7, 10, 16, 28, 41, 42]",40,2375275125,2021-10-23
985,"[17, 21, 23, 30, 34, 44]",19,2434752975,2021-10-16
984,"[3, 10, 23, 35, 36, 37]",18,3453006268,2021-10-09
983,"[13, 23, 26, 31, 35, 43]",15,2503422225,2021-10-02
982,"[5, 7, 13, 20, 21, 44]",33,3023630672,2021-09-25
981,"[27, 36, 37, 41, 43, 45]",32,1992863193,2021-09-18
980,"[3, 13, 16, 23, 24, 35]",14,3409443215,2021-09-11
979,"[7, 11, 16, 21, 27, 33]",24,1606400518,2021-09-04
978,"[1, 7, 15, 32, 34, 42]",8,2373391388,2021-08-28
977,"[2, 9, 10, 14, 22, 44]",16,1669905911,2021-08-21
976,"[4, 12, 14, 25, 35, 37]",2,3243867215,2021-08-14
975,"[7, 8, 9, 17, 22, 24]",5,2440410375,2021-08-07
974,"[1, 2, 11, 16, 39, 44]",32,1317034523,2021-07-31
973,"[22, 26, 31, 37, 41, 42]",24,2912742750,2021-07-24
972,"[3, 6, 17, 23, 37, 39]",26,1124886244,2021-07-17
971,"[2, 6, 17, 18, 21, 26]",7,3725880250,2021-07-10
970,"[9, 11, 16, 21, 28, 36]",5,1611544045,2021-07-03
969,"[3, 9, 10, 29, 40, 45]",7,1149427894,2021-06-26
968,"[2, 5, 12, 14, 24, 39]",33,1667729683,2021-06-19
967,"[1, 6, 13, 37, 38, 40]",9,5809776094,2021-06-12
966,"[1, 21, 25, 29, 34, 37]",36,2411303513,2021-06-05
965,"[2, 13, 25, 28, 29, 36]",34,3403348929,2021-05-29
964,"[6, 21, 36, 38, 39, 43]",30,2345861063,2021-05-22
963,"[6, 12, 19, 23, 34, 42]",35,1476478125,2021-05-15
962,"[1, 18, 28, 31, 34, 43]",40,1940906094,2021-05-08
961,"[11, 20, 29, 31, 33, 42]",43,2575231209,2021-05-01
960,"[2, 18, 24, 30, 32, 45]",14,2401133213,2021-04-24
959,"[1, 14, 15, 24, 40, 41]",35,3015312891,2021-04-17
958,"[2, 9, 10, 16, 35, 37]",1,1596119675,2021-04-10
957,"[4, 15, 24, 35, 36, 40]",1,2126634137,2021-04-03
956,"[10, 11, 20, 21, 25, 41]",40,2022982671,2021-03-27
955,"[4, 9, 23, 26, 29, 33]",8,2023170188,2021-03-20
954,"[1, 9, 26, 28, 30, 41]",32,2478795900,2021-03-13
953,"[7, 9, 22, 27, 37, 42]",34,1640636009,2021-03-06
952,"[4, 12, 22, 24, 33, 41]",38,2713699834,2021-02-27
951,"[2, 12, 30, 31, 39, 43]",38,1747552661,2021-02-20
950,"[3, 4, 15, 22, 28, 40]",10,3281920500,2021-02-13
949,"[14, 21, 35, 36, 40, 44]",30,2458569713,2021-02-06
948,"[13, 18, 30, 31, 38, 41]",5,2188548716,2021-01-30
947,"[3, 8, 17, 20, 27, 35]",26,1275855750,2021-01-23
946,"[9, 18, 19, 30, 34, 40]",20,2157656182,2021-01-16
945,"[9, 10, 15, 30, 33, 37]",26,1765554491,2021-01-09
944,"[2, 13, 16, 19, 32, 33]",42,1961836356,2021-01-02
943,"[1, 8, 13, 36, 44, 45]",39,3435045108,2020-12-26
942,"[10, 12, 18, 35, 42, 43]",39,3761680313,2020-12-19
941,"[12, 14, 25, 27, 39, 40]",35,1347297422,2020-12-12
940,"[3, 15, 20, 22, 24, 41]",11,2846071079,2020-12-05
939,"[4, 11, 28, 39, 42, 45]",6,1708363039,2020-11-28
938,"[4, 8, 10, 16, 31, 36]",9,2249466563,2020-11-21
937,"[2, 10, 13, 22, 29, 40]",26,2058420819,2020-11-14
936,"[7, 11, 13, 17, 18, 29]",43,1492069179,2020-11-07
935,"[4, 10, 20, 32, 38, 44]",18,1711055424,2020-10-31
934,"[1, 3, 30, 33, 36, 39]",12,5765772844,2020-10-24
933,"[23, 27, 29, 31, 36, 45]",37,2927797079,2020-10-17
932,"[1, 6, 15, 36, 37, 38]",5,3390022983,2020-10-10
931,"[14, 15, 23, 25, 35, 43]",32,2957108063,2020-10-03
930,"[8, 21, 25, 38, 39, 44]",28,2832418829,2020-09-26
929,"[7, 9, 12, 15, 19, 23]",4,1308035157,2020-09-19
928,"[3, 4, 10, 20, 28, 44]",30,3134591358,2020-09-12
927,"[4, 15, 22, 38, 41, 43]",26,3714203875,2020-09-05
926,"[10, 16, 18, 20, 25, 31]",6,2032490663,2020-08-29
925,"[13, 24, 32, 34, 39, 42]",4,1771080532,2020-08-22
924,"[3, 11, 34, 42, 43, 44]",13,2382430667,2020-08-15
923,"[3, 17, 18, 23, 36, 41]",26,2667554625,2020-08-08
922,"[2, 6, 13, 17, 27, 43]",36,3417904500,2020-08-01
921,"[5, 7, 12, 22, 28, 41]",1,1232573405,2020-07-25
920,"[2, 3, 26, 33, 34, 43]",29,3120260197,2020-07-18
919,"[9, 14, 17, 18, 42, 44]",35,4305150450,2020-07-11
918,"[7, 11, 12, 31, 33, 38]",5,1117622646,2020-07-04
917,"[1, 3, 23, 24, 27, 43]",34,2144799638,2020-06-27
916,"[6, 21, 22, 32, 35, 36]",17,2025384341,2020-06-20
915,"[2, 6, 11, 13, 22, 37]",14,3518640500,2020-06-13
914,"[16, 19, 24, 33, 42, 44]",27,1950005557,2020-06-06
913,"[6, 14, 16, 21, 27, 37]",40,1338755602,2020-05-30
912,"[5, 8, 18, 21, 22, 38]",10,1493500581,2020-05-23
911,"[4, 5, 12, 14, 32, 42]",35,2113538625,2020-05-16
910,"[1, 11, 17, 27, 35, 39]",31,941316375,2020-05-09
909,"[7, 24, 29, 30, 34, 35]",33,2021062875,2020-05-02
908,"[3, 16, 21, 22, 23, 44]",30,2834856141,2020-04-25
907,"[21, 27, 29, 38, 40, 44]",37,3165059036,2020-04-18
906,"[2, 5, 14, 28, 31, 32]",20,2472607250,2020-04-11
905,"[3, 4, 16, 27, 38, 40]",20,3017862536,2020-04-04
904,"[2, 6, 8, 26, 43, 45]",11,2718077813,2020-03-28
903,"[2, 15, 16, 21, 22, 28]",45,1684582212,2020-03-21
902,"[7, 19, 23, 24, 36, 39]",30,1619317529,2020-03-14
901,"[5, 18, 20, 23, 30, 34]",21,2267974667,2020-03-07
900,"[7, 13, 16, 18, 35, 38]",14,3349851375,2020-02-29
899,"[8, 19, 20, 21, 33, 39]",37,3359356063,2020-02-22
898,"[18, 21, 28, 35, 37, 42]",17,2639313235,2020-02-15
897,"[6, 7, 12, 22, 26, 36]",29,1619922520,2020-02-08
896,"[5, 12, 25, 26, 38, 45]",23,3053222036,2020-02-01
895,"[16, 26, 31, 38, 39, 41]",23,1928079219,2020-01-25
894,"[19, 32, 37, 40, 41, 43]",45,2377935959,2020-01-18
893,"[1, 15, 17, 23, 25, 41]",10,2377433625,2020-01-11
892,"[4, 9, 17, 18, 26, 42]",36,1282017464,2020-01-04
891,"[9, 13, 28, 31, 39, 41]",19,3082673947,2019-12-28
890,"[1, 4, 14, 18, 29, 37]",6,2335486167,2019-12-21
889,"[3, 13, 29, 38, 39, 42]",26,2108986950,2019-12-14
888,"[3, 7, 12, 31, 34, 38]",32,2370359204,2019-12-07
887,"[8, 14, 17, 27, 36, 45]",10,2535268688,2019-11-30
886,"[19, 23, 28, 37, 42, 45]",2,2974643786,2019-11-23
885,"[1, 3, 24, 27, 39, 45]",31,1543832568,2019-11-16
884,"[4, 14, 23, 28, 37, 45]",17,1799077282,2019-11-09
883,"[9, 18, 32, 33, 37, 44]",22,1360519525,2019-11-02
882,"[18, 34, 39, 43, 44, 45]",23,4127270400,2019-10-26
881,"[4, 18, 20, 26, 27, 32]",9,2503212282,2019-10-19
880,"[7, 17, 19, 23, 24, 45]",38,2837810465,2019-10-12
879,"[1, 4, 10, 14, 15, 35]",20,3206361313,2019-10-05
878,"[2, 6, 11, 16, 25, 31]",3,3207993500,2019-09-28
877,"[5, 17, 18, 22, 23, 43]",12,1716607188,2019-09-21
876,"[5, 16, 21, 26, 34, 42]",24,1090657856,2019-09-14
875,"[19, 22, 30, 34, 39, 44]",36,1415946724,2019-09-07
874,"[1, 15, 19, 23, 28, 42]",32,1117123917,2019-08-31
873,"[3, 5, 12, 13, 33, 39]",38,1874553225,2019-08-24
872,"[2, 4, 30, 32, 33, 43]",29,1262705579,2019-08-17
871,"[2, 6, 12, 26, 30, 34]",38,2718071358,2019-08-10
870,"[21, 25, 30, 32, 40, 42]",31,1928842988,2019-08-03
869,"[2, 6, 20, 27, 37, 39]",4,1922582588,2019-07-27
868,"[12, 17, 28, 41, 43, 44]",25,3233804250,2019-07-20
867,"[14, 17, 19, 22, 24, 40]",41,3933755250,2019-07-13
866,"[9, 15, 29, 34, 37, 39]",12,2240409000,2019-07-06
865,"[3, 15, 22, 32, 33, 45]",2,1551729145,2019-06-29
864,"[3, 7, 10, 13, 25, 36]",32,1716553637,2019-06-22
863,"[16, 21, 28, 35, 39, 43]",12,2853357322,2019-06-15
862,"[10, 34, 38, 40, 42, 43]",32,2190922709,2019-06-08
861,"[11, 17, 19, 21, 22, 25]",24,4872108844,2019-06-01
860,"[4, 8, 18, 25, 27, 32]",42,1879899825,2019-05-25
859,"[8, 22, 35, 38, 39, 41]",24,1853927489,2019-05-18
858,"[9, 13, 32, 38, 39, 43]",23,2202347459,2019-05-11
857,"[6, 10, 16, 28, 34, 38]",43,1284915425,2019-05-04
856,"[10, 24, 40, 41, 43, 44]",17,3977927550,2019-04-27
855,"[8, 15, 17, 19, 43, 44]",7,2269510500,2019-04-20
854,"[20, 25, 31, 32, 36, 43]",3,3421706750,2019-04-13
853,"[2, 8, 23, 26, 27, 44]",13,2885006786,2019-04-06
852,"[11, 17, 28, 30, 33, 35]",9,4801543407,2019-03-30
851,"[14, 18, 22, 26, 31, 44]",40,2483692313,2019-03-23
850,"[16, 20, 24, 28, 36, 39]",5,3377587875,2019-03-16
849,"[5, 13, 17, 29, 34, 39]",3,1158252883,2019-03-09
848,"[1, 2, 16, 22, 38, 39]",34,3011580858,2019-03-02
847,"[12, 16, 26, 28, 30, 42]",22,2520846657,2019-02-23
846,"[5, 18, 30, 41, 43, 45]",13,1596884395,2019-02-16
845,"[1, 16, 29, 33, 40, 45]",6,1891217182,2019-02-09
844,"[7, 8, 13, 15, 33, 45]",18,1162963542,2019-02-02
843,"[19, 21, 30, 33, 34, 42]",4,4012970100,2019-01-26
842,"[14, 26, 32, 36, 39, 42]",38,2035475025,2019-01-19
841,"[5, 11, 14, 30, 33, 38]",24,1116095714,2019-01-12
840,"[2, 4, 11, 28, 29, 43]",27,2042961788,2019-01-05
839,"[3, 9, 11, 12, 13, 19]",35,1359454904,2018-12-29
838,"[9, 14, 17, 33, 36, 38]",20,3813733050,2018-12-22
837,"[2, 25, 28, 30, 33, 45]",6,3144449125,2018-12-15
836,"[1, 9, 11, 14, 26, 28]",19,1257843670,2018-12-08
835,"[9, 10, 13, 28, 38, 45]",35,1233681125,2018-12-01
834,"[6, 8, 18, 35, 42, 43]",3,1690693671,2018-11-24
833,"[12, 18, 30, 39, 41, 42]",19,2356317282,2018-11-17
832,"[13, 14, 19, 26, 40, 43]",30,2088204584,2018-11-10
831,"[3, 10, 16, 19, 31, 39]",9,1110702258,2018-11-03
830,"[5, 6, 16, 18, 37, 38]",17,2060528750,2018-10-27
829,"[4, 5, 31, 35, 43, 45]",29,2444650641,2018-10-20
828,"[4, 7, 13, 29, 31, 39]",18,1455185972,2018-10-13
827,"[5, 11, 12, 29, 33, 44]",14,1206500375,2018-10-06
826,"[13, 16, 24, 25, 33, 36]",42,2075192084,2018-09-29
825,"[8, 15, 21, 31, 33, 38]",42,1658710563,2018-09-22
824,"[7, 9, 24, 29, 34, 38]",26,1256646550,2018-09-15
823,"[12, 18, 24, 26, 39, 40]",15,2009843917,2018-09-08
822,"[9, 18, 20, 24, 27, 36]",12,5930898625,2018-09-01
821,"[1, 12, 13, 24, 29, 44]",16,1316155956,2018-08-25
820,"[10, 21, 22, 30, 35, 42]",6,4627313532,2018-08-18
819,"[16, 25, 33, 38, 40, 45]",15,2594534840,2018-08-11
818,"[14, 15, 25, 28, 29, 30]",3,1380804318,2018-08-04
817,"[3, 9, 12, 13, 25, 43]",34,1868477334,2018-07-28
816,"[12, 18, 19, 29, 31, 39]",7,2128107938,2018-07-21
815,"[17, 21, 25, 26, 27, 36]",4,2579855358,2018-07-14
814,"[2, 21, 28, 38, 42, 45]",30,3067192063,2018-07-07
813,"[11, 30, 34, 35, 42, 44]",27,4591763157,2018-06-30
812,"[1, 3, 12, 14, 16, 43]",10,2947954750,2018-06-23
811,"[8, 11, 19, 21, 36, 45]",25,2524148197,2018-06-16
810,"[5, 10, 13, 21, 39, 43]",11,2231598047,2018-06-09
809,"[6, 11, 15, 17, 23, 40]",39,2921372750,2018-06-02
808,"[15, 21, 31, 32, 41, 43]",24,3087620500,2018-05-26
807,"[6, 10, 18, 25, 34, 35]",33,2437662322,2018-05-19
806,"[14, 20, 23, 31, 37, 38]",27,2640760875,2018-05-12
805,"[3, 12, 13, 18, 31, 32]",42,4266061969,2018-05-05
804,"[1, 10, 13, 26, 32, 36]",9,1631996523,2018-04-28
803,"[5, 9, 14, 26, 30, 43]",2,3663810225,2018-04-21
802,"[10, 11, 12, 18, 24, 42]",27,1082947993,2018-04-14
801,"[17, 25, 28, 37, 43, 44]",2,2256786657,2018-04-07
800,"[1, 4, 10, 12, 28, 45]",26,1632246205,2018-03-31
799,"[12, 17, 23, 34, 42, 45]",33,1826427225,2018-03-24
798,"[2, 10, 14, 22, 32, 36]",41,2710791911,2018-03-17
797,"[5, 22, 31, 32, 39, 45]",36,2397028125,2018-03-10
796,"[1, 21, 26, 36, 40, 41]",5,2763490340,2018-03-03
795,"[3, 10, 13, 26, 34, 38]",36,1714977000,2018-02-24
794,"[6, 7, 18, 19, 30, 38]",13,2650940304,2018-02-17
793,"[10, 15, 21, 35, 38, 43]",31,3750146775,2018-02-10
792,"[2, 7, 19, 25, 29, 36]",16,2655736768,2018-02-03
791,"[2, 10, 12, 31, 33, 42]",32,1253081893,2018-01-27
790,"[3, 8, 19, 27, 30, 41]",12,1160516274,2018-01-20
789,"[2, 6, 7, 12, 19, 45]",38,1140976825,2018-01-13
788,"[2, 10, 11, 19, 35, 39]",29,1401475154,2018-01-06
787,"[5, 6, 13, 16, 27, 28]",9,3092108313,2017-12-30
786,"[12, 15, 16, 20, 24, 30]",38,4551365250,2017-12-23
785,"[4, 6, 15, 25, 26, 33]",40,2886622688,2017-12-16
784,"[3, 10, 23, 24, 31, 39]",22,1908678000,2017-12-09
783,"[14, 15, 16, 17, 38, 45]",36,4603964625,2017-12-02
782,"[6, 18, 31, 34, 38, 45]",20,1946487625,2017-11-25
781,"[11, 16, 18, 19, 24, 39]",43,1882891542,2017-11-18
780,"[15, 17, 19, 21, 27, 45]",16,1667520137,2017-11-11
779,"[6, 12, 19, 24, 34, 41]",4,1527709296,2017-11-04
778,"[6, 21, 35, 36, 37, 41]",11,6264069500,2017-10-28
777,"[6, 12, 17, 21, 34, 37]",18,833468036,2017-10-21
776,"[8, 9, 18, 21, 28, 40]",20,2557579393,2017-10-14
775,"[11, 12, 29, 33, 38, 42]",17,3470437650,2017-10-07
774,"[12, 15, 18, 28, 34, 42]",9,1709721512,2017-09-30
773,"[8, 12, 19, 21, 31, 35]",44,1609403080,2017-09-23
772,"[5, 6, 11, 14, 21, 41]",32,1769608838,2017-09-16
771,"[6, 10, 17, 18, 21, 29]",30,4362644907,2017-09-09
770,"[1, 9, 12, 23, 39, 43]",34,2163099329,2017-09-02
769,"[5, 7, 11, 16, 41, 45]",4,1930760042,2017-08-26
768,"[7, 27, 29, 30, 38, 44]",4,1363572260,2017-08-19
767,"[5, 15, 20, 31, 34, 42]",22,1163768725,2017-08-12
766,"[9, 30, 34, 35, 39, 41]",21,2173637297,2017-08-05
765,"[1, 3, 8, 12, 42, 43]",33,1109214250,2017-07-29
764,"[7, 22, 24, 31, 34, 36]",15,2459975465,2017-07-22
763,"[3, 8, 16, 32, 34, 43]",10,2138130000,2017-07-15
762,"[1, 3, 12, 21, 26, 41]",16,1631432063,2017-07-08
761,"[4, 7, 11, 24, 42, 45]",30,2392730518,2017-07-01
760,"[10, 22, 27, 31, 42, 43]",12,2253299391,2017-06-24
759,"[9, 33, 36, 40, 42, 43]",32,3032670500,2017-06-17
758,"[5, 9, 12, 30, 39, 43]",24,2078969954,2017-06-10
757,"[6, 7, 11, 17, 33, 44]",1,739839858,2017-06-03
756,"[10, 14, 16, 18, 27, 28]",4,3414434700,2017-05-27
755,"[13, 14, 26, 28, 30, 36]",37,2214427266,2017-05-20
754,"[2, 8, 17, 24, 29, 31]",32,3427542000,2017-05-13
753,"[2, 17, 19, 24, 37, 41]",3,2711105063,2017-05-06
752,"[4, 16, 20, 33, 40, 43]",7,1870358834,2017-04-29
751,"[3, 4, 16, 20, 28, 44]",17,2097968110,2017-04-22
750,"[1, 2, 15, 19, 24, 36]",12,2522104286,2017-04-15
749,"[12, 14, 24, 26, 34, 45]",41,1350104395,2017-04-08
748,"[3, 10, 13, 22, 31, 32]",29,1928246542,2017-04-01
747,"[7, 9, 12, 14, 23, 28]",17,1903214584,2017-03-25
746,"[3, 12, 33, 36, 42, 45]",25,2038623709,2017-03-18
745,"[1, 2, 3, 9, 12, 23]",10,746822982,2017-03-11
744,"[10, 15, 18, 21, 34, 41]",43,1155411575,2017-03-04
743,"[15, 19, 21, 34, 41, 44]",10,2608641000,2017-02-25
742,"[8, 10, 13, 36, 37, 40]",6,1111814813,2017-02-18
741,"[5, 21, 27, 34, 44, 45]",16,3043595938,2017-02-11
740,"[4, 8, 9, 16, 17, 19]",31,936929792,2017-02-04
739,"[7, 22, 29, 33, 34, 35]",30,4744122282,2017-01-28
738,"[23, 27, 28, 38, 42, 43]",36,1634191091,2017-01-21
737,"[13, 15, 18, 24, 27, 41]",11,4283061000,2017-01-14
736,"[2, 11, 17, 18, 21, 27]",6,3397362225,2017-01-07
735,"[5, 10, 13, 27, 37, 41]",4,1847231588,2016-12-31
734,"[6, 16, 37, 38, 41, 45]",18,1949395500,2016-12-24
733,"[11, 24, 32, 33, 35, 40]",13,4016725125,2016-12-17
732,"[2, 4, 5, 17, 27, 32]",43,2203270608,2016-12-10
731,"[2, 7, 13, 25, 42, 45]",39,2340471054,2016-12-03
730,"[4, 10, 14, 15, 18, 22]",39,2017382110,2016-11-26
729,"[11, 17, 21, 26, 36, 45]",16,4198250719,2016-11-19
728,"[3, 6, 10, 30, 34, 37]",36,3243464400,2016-11-12
727,"[7, 8, 10, 19, 21, 31]",20,1115107742,2016-11-05
726,"[1, 11, 21, 23, 34, 44]",24,1166872634,2016-10-29
725,"[6, 7, 19, 21, 41, 43]",38,1579217250,2016-10-22
724,"[2, 8, 33, 35, 37, 41]",14,1427789813,2016-10-15
723,"[20, 30, 33, 35, 36, 44]",22,2114365360,2016-10-08
722,"[12, 14, 21, 30, 39, 43]",45,4365422719,2016-10-01
721,"[1, 28, 35, 41, 43, 44]",31,2273767360,2016-09-24
720,"[1, 12, 29, 34, 36, 37]",41,1233770358,2016-09-17
719,"[4, 8, 13, 19, 20, 43]",26,1879581334,2016-09-10
718,"[4, 11, 20, 23, 32, 39]",40,926166464,2016-09-03
717,"[2, 11, 19, 25, 28, 32]",44,2702433688,2016-08-27
716,"[2, 6, 13, 16, 29, 30]",21,1358752157,2016-08-20
715,"[2, 7, 27, 33, 41, 44]",10,2605510438,2016-08-13
714,"[1, 7, 22, 33, 37, 40]",20,2085131733,2016-08-06
713,"[2, 5, 15, 18, 19, 23]",44,1714720917,2016-07-30
712,"[17, 20, 30, 31, 33, 45]",19,4034485125,2016-07-23
711,"[11, 15, 24, 35, 37, 45]",42,2277413358,2016-07-16
710,"[3, 4, 9, 24, 25, 33]",10,2895441150,2016-07-09
709,"[10, 18, 30, 36, 39, 44]",32,1165271625,2016-07-02
708,"[2, 10, 16, 19, 34, 45]",1,4099552219,2016-06-25
707,"[2, 12, 19, 24, 39, 44]",35,1322167313,2016-06-18
706,"[3, 4, 6, 10, 28, 30]",37,3831746063,2016-06-11
705,"[1, 6, 17, 22, 28, 45]",23,3987206532,2016-06-04
704,"[1, 4, 8, 23, 33, 42]",45,3865190344,2016-05-28
703,"[10, 28, 31, 33, 41, 44]",21,3235784100,2016-05-21
702,"[3, 13, 16, 24, 26, 29]",9,1465091387,2016-05-14
701,"[3, 10, 14, 16, 36, 38]",35,1583183175,2016-05-07
700,"[11, 23, 28, 29, 30, 44]",13,2082099188,2016-04-30
699,"[4, 5, 8, 16, 21, 29]",3,1995411375,2016-04-23
698,"[3, 11, 13, 21, 33, 37]",18,1921084125,2016-04-16
697,"[2, 5, 8, 11, 33, 39]",31,1531443038,2016-04-09
696,"[1, 7, 16, 18, 34, 38]",21,1632054413,2016-04-02
695,"[4, 18, 26, 33, 34, 38]",14,1450214830,2016-03-26
694,"[7, 15, 20, 25, 33, 43]",12,1555036388,2016-03-19
693,"[1, 6, 11, 28, 34, 42]",30,1642763813,2016-03-12
692,"[3, 11, 14, 15, 32, 36]",44,2301273697,2016-03-05
691,"[15, 27, 33, 35, 43, 45]",16,2839296750,2016-02-27
690,"[24, 25, 33, 34, 38, 39]",43,1126507625,2016-02-20
689,"[7, 17, 19, 30, 36, 38]",34,2321775911,2016-02-13
688,"[5, 15, 22, 23, 34, 35]",2,1967536750,2016-02-06
687,"[1, 8, 10, 13, 28, 42]",45,2720029313,2016-01-30
686,"[7, 12, 15, 24, 25, 43]",13,1937531719,2016-01-23
685,"[6, 7, 12, 28, 38, 40]",18,1494367671,2016-01-16
684,"[1, 11, 15, 17, 25, 39]",40,1688815709,2016-01-09
683,"[6, 13, 20, 27, 28, 40]",15,1010930883,2016-01-02
682,"[17, 23, 27, 35, 38, 43]",2,4063713563,2015-12-26
681,"[21, 24, 27, 29, 43, 44]",7,2696328938,2015-12-19
680,"[4, 10, 19, 29, 32, 42]",30,1110570563,2015-12-12
679,"[3, 5, 7, 14, 26, 34]",35,2863005600,2015-12-05
678,"[4, 5, 6, 12, 25, 37]",45,2288490188,2015-11-28
677,"[12, 15, 24, 36, 41, 44]",42,1921114407,2015-11-21
676,"[1, 8, 17, 34, 39, 45]",27,1879726500,2015-11-14
675,"[1, 8, 11, 15, 18, 45]",7,3514549032,2015-11-07
674,"[9, 10, 14, 25, 27, 31]",11,1770565500,2015-10-31
673,"[7, 10, 17, 29, 33, 44]",5,1491453300,2015-10-24
672,"[8, 21, 28, 31, 36, 45]",43,1754745000,2015-10-17
671,"[7, 9, 10, 13, 31, 35]",24,3722322844,2015-10-10
670,"[11, 18, 26, 27, 40, 41]",25,1191725219,2015-10-03
669,"[7, 8, 20, 29, 33, 38]",9,2708173188,2015-09-26
668,"[12, 14, 15, 24, 27, 32]",3,2991158625,2015-09-19
667,"[15, 17, 25, 37, 42, 43]",13,2228764393,2015-09-12
666,"[2, 4, 6, 11, 17, 28]",16,2396901063,2015-09-05
665,"[5, 6, 11, 17, 38, 44]",13,3643230375,2015-08-29
664,"[10, 20, 33, 36, 41, 44]",5,1536801338,2015-08-22
663,"[3, 5, 8, 19, 38, 42]",20,2080244143,2015-08-15
662,"[5, 6, 9, 11, 15, 37]",26,1689733688,2015-08-08
661,"[2, 3, 12, 20, 27, 38]",40,1713025547,2015-08-01
660,"[4, 9, 23, 33, 39, 44]",14,1421272575,2015-07-25
659,"[7, 18, 19, 27, 29, 42]",45,1336604216,2015-07-18
658,"[8, 19, 25, 28, 32, 36]",37,1634031375,2015-07-11
657,"[10, 14, 19, 39, 40, 43]",23,1694762792,2015-07-04
656,"[3, 7, 14, 16, 31, 40]",39,7330002750,2015-06-27
655,"[7, 37, 38, 39, 40, 44]",18,1661439625,2015-06-20
654,"[16, 21, 26, 31, 36, 43]",6,1879301391,2015-06-13
653,"[5, 6, 26, 27, 38, 39]",1,980958670,2015-06-06
652,"[3, 13, 15, 40, 41, 44]",20,3003483525,2015-05-30
651,"[11, 12, 16, 26, 29, 44]",18,1855306454,2015-05-23
650,"[3, 4, 7, 11, 31, 41]",35,2849298900,2015-05-16
649,"[3, 21, 22, 33, 41, 42]",20,2948042100,2015-05-09
648,"[13, 19, 28, 37, 38, 43]",4,2120987947,2015-05-02
647,"[5, 16, 21, 23, 24, 30]",29,2189725608,2015-04-25
646,"[2, 9, 24, 41, 43, 45]",30,2215498393,2015-04-18
645,"[1, 4, 16, 26, 40, 41]",31,3696297750,2015-04-11
644,"[5, 13, 17, 23, 28, 36]",8,1831451204,2015-04-04
643,"[15, 24, 31, 32, 33, 40]",13,2535763625,2015-03-28
642,"[8, 17, 18, 24, 39, 45]",32,1251460438,2015-03-21
641,"[11, 18, 21, 36, 37, 43]",12,1990074563,2015-03-14
640,"[14, 15, 18, 21, 26, 35]",23,1728768834,2015-03-07
639,"[6, 15, 22, 23, 25, 32]",40,4061185219,2015-02-28
638,"[7, 18, 22, 24, 31, 34]",6,2229403179,2015-02-21
637,"[3, 16, 22, 37, 38, 44]",23,3899241094,2015-02-14
636,"[6, 7, 15, 16, 20, 31]",26,1832362219,2015-02-07
635,"[11, 13, 25, 26, 29, 33]",32,1855587235,2015-01-31
634,"[4, 10, 11, 12, 20, 27]",38,1077935106,2015-01-24
633,"[9, 12, 19, 20, 39, 41]",13,1217257094,2015-01-17
632,"[15, 18, 21, 32, 35, 44]",6,1432587716,2015-01-10
631,"[1, 2, 4, 23, 31, 34]",8,3919853532,2015-01-03
630,"[8, 17, 21, 24, 27, 31]",15,4836305500,2014-12-27
629,"[19, 28, 31, 38, 43, 44]",1,2919433575,2014-12-20
628,"[1, 7, 12, 15, 23, 42]",11,1499942875,2014-12-13
627,"[2, 9, 22, 25, 31, 45]",12,1352230650,2014-12-06
626,"[13, 14, 26, 33, 40, 43]",15,1717871110,2014-11-29
625,"[3, 6, 7, 20, 21, 39]",13,2765184675,2014-11-22
624,"[1, 7, 19, 26, 27, 35]",16,2763729450,2014-11-15
623,"[7, 13, 30, 39, 41, 45]",25,1813702594,2014-11-08
622,"[9, 15, 16, 21, 28, 34]",24,1630598292,2014-11-01
621,"[1, 2, 6, 16, 19, 42]",9,2359723500,2014-10-25
620,"[2, 16, 17, 32, 39, 45]",40,2028283233,2014-10-18
619,"[6, 8, 13, 30, 35, 40]",21,4612479375,2014-10-11
618,"[8, 16, 25, 30, 42, 43]",15,2881326225,2014-10-04
617,"[4, 5, 11, 12, 24, 27]",28,1629701860,2014-09-27
616,"[5, 13, 18, 23, 40, 45]",3,1611811250,2014-09-20
615,"[10, 17, 18, 19, 23, 27]",35,1535062417,2014-09-13
614,"[8, 21, 25, 39, 40, 44]",18,2540975438,2014-09-06
613,"[7, 8, 11, 16, 41, 44]",35,1549831209,2014-08-30
612,"[6, 9, 18, 19, 25, 33]",40,1181705250,2014-08-23
611,"[2, 22, 27, 33, 36, 37]",14,3502706157,2014-08-16
610,"[14, 18, 20, 23, 28, 36]",33,3516018375,2014-08-09
609,"[4, 8, 27, 34, 39, 40]",13,6339311438,2014-08-02
608,"[4, 8, 18, 19, 39, 44]",41,1943530018,2014-07-26
607,"[8, 14, 23, 36, 38, 39]",13,3494480907,2014-07-19
606,"[1, 5, 6, 14, 20, 39]",22,1311566850,2014-07-12
605,"[1, 2, 7, 9, 10, 38]",42,1394232250,2014-07-05
604,"[2, 6, 18, 21, 33, 34]",30,1229141557,2014-06-28
603,"[2, 19, 25, 26, 27, 43]",28,3452136563,2014-06-21
602,"[13, 14, 22, 27, 30, 38]",2,1689530860,2014-06-14
601,"[2, 16, 19, 31, 34, 35]",37,1524565209,2014-06-07
600,"[5, 11, 14, 27, 29, 36]",44,901798725,2014-05-31
599,"[5, 12, 17, 29, 34, 35]",27,1710918329,2014-05-24
598,"[4, 12, 24, 33, 38, 45]",22,833998594,2014-05-17
597,"[8, 10, 23, 24, 35, 43]",37,1057920606,2014-05-10
596,"[3, 4, 12, 14, 25, 43]",17,1328267663,2014-05-03
595,"[8, 24, 28, 35, 38, 40]",5,1744525219,2014-04-26
594,"[2, 8, 13, 25, 28, 37]",3,1255592796,2014-04-19
593,"[9, 10, 13, 24, 33, 38]",28,1532833500,2014-04-12
592,"[2, 5, 6, 13, 28, 44]",43,2356381688,2014-04-05
591,"[8, 13, 14, 30, 38, 39]",5,2964676200,2014-03-29
590,"[20, 30, 36, 38, 41, 45]",23,2185183983,2014-03-22
589,"[6, 8, 28, 33, 38, 39]",22,2136877983,2014-03-15
588,"[2, 8, 15, 22, 25, 41]",30,2889342075,2014-03-08
587,"[14, 21, 29, 31, 32, 37]",17,4974577375,2014-03-01
586,"[2, 7, 12, 15, 21, 34]",5,1778354344,2014-02-22
585,"[6, 7, 10, 16, 38, 41]",4,1620546334,2014-02-15
584,"[7, 18, 30, 39, 40, 41]",36,5033183250,2014-02-08
583,"[8, 17, 27, 33, 40, 44]",24,1341848353,2014-02-01
582,"[2, 12, 14, 33, 40, 41]",25,3560558719,2014-01-25
581,"[3, 5, 14, 20, 42, 44]",33,1844554547,2014-01-18
580,"[5, 7, 9, 11, 32, 35]",33,2028610500,2014-01-11
579,"[5, 7, 20, 22, 37, 42]",39,1396068444,2014-01-04
578,"[5, 12, 14, 32, 34, 42]",16,2796466575,2013-12-28
577,"[16, 17, 22, 31, 34, 37]",33,4484438375,2013-12-21
576,"[10, 11, 15, 25, 35, 41]",13,4321966000,2013-12-14
575,"[2, 8, 20, 30, 33, 34]",6,1699267875,2013-12-07
574,"[14, 15, 16, 19, 25, 43]",2,6965184938,2013-11-30
573,"[2, 4, 20, 34, 35, 43]",14,1645691766,2013-11-23
572,"[3, 13, 18, 33, 37, 45]",1,1668216188,2013-11-16
571,"[11, 18, 21, 26, 38, 43]",29,1966538465,2013-11-09
570,"[1, 12, 26, 27, 29, 33]",42,1527791625,2013-11-02
569,"[3, 6, 13, 23, 24, 35]",1,3467925188,2013-10-26
568,"[1, 3, 17, 20, 31, 44]",40,1305167550,2013-10-19
567,"[1, 10, 15, 16, 32, 41]",28,2318659438,2013-10-12
566,"[4, 5, 6, 25, 26, 43]",41,3508951032,2013-10-05
565,"[4, 10, 18, 27, 40, 45]",38,1742064469,2013-09-28
564,"[14, 19, 25, 26, 27, 34]",2,1934801143,2013-09-21
563,"[5, 10, 16, 17, 31, 32]",21,1932735643,2013-09-14
562,"[4, 11, 13, 17, 20, 31]",33,1166694614,2013-09-07
561,"[5, 7, 18, 37, 42, 45]",20,2753712225,2013-08-31
560,"[1, 4, 20, 23, 29, 45]",28,1976697215,2013-08-24
559,"[11, 12, 25, 32, 44, 45]",23,1926145608,2013-08-17
558,"[12, 15, 19, 26, 40, 43]",29,1315913663,2013-08-10
557,"[4, 20, 26, 28, 35, 40]",31,1888069286,2013-08-03
556,"[12, 20, 23, 28, 30, 44]",43,2005209161,2013-07-27
555,"[11, 17, 21, 24, 26, 36]",12,1711027360,2013-07-20
554,"[13, 14, 17, 32, 41, 42]",6,6813893625,2013-07-13
553,"[2, 7, 17, 28, 29, 39]",37,2249631438,2013-07-06
552,"[1, 10, 20, 32, 35, 40]",43,1330824225,2013-06-29
551,"[3, 6, 20, 24, 27, 44]",25,13526973750,2013-06-22
550,"[1, 7, 14, 20, 34, 37]",41,1118679205,2013-06-15
549,"[29, 31, 35, 38, 40, 44]",17,1760805047,2013-06-08
548,"[1, 12, 13, 21, 32, 45]",14,1736871891,2013-06-01
547,"[6, 7, 15, 22, 34, 39]",28,2838444450,2013-05-25
546,"[8, 17, 20, 27, 37, 43]",6,405939950,2013-05-18
545,"[4, 24, 25, 27, 34, 35]",2,1198994353,2013-05-11
544,"[5, 17, 21, 25, 36, 44]",10,1046388433,2013-05-04
543,"[13, 18, 26, 31, 34, 44]",12,1112934844,2013-04-27
542,"[5, 6, 19, 26, 41, 45]",34,2335152563,2013-04-20
541,"[8, 13, 26, 28, 32, 34]",43,1269327171,2013-04-13
540,"[3, 12, 13, 15, 34, 36]",14,1989365250,2013-04-06
539,"[3, 19, 22, 31, 42, 43]",26,1621036667,2013-03-30
538,"[6, 10, 18, 31, 32, 34]",11,4688021625,2013-03-23
537,"[12, 23, 26, 30, 36, 43]",11,2104038911,2013-03-16
536,"[7, 8, 18, 32, 37, 43]",12,1308523603,2013-03-09
535,"[11, 12, 14, 15, 18, 39]",34,4935603000,2013-03-02
534,"[10, 24, 26, 29, 37, 38]",32,14215763250,2013-02-23
533,"[9, 14, 15, 17, 31, 33]",23,1785671579,2013-02-16
532,"[16, 17, 23, 24, 29, 44]",3,2216896286,2013-02-09
531,"[1, 5, 9, 21, 27, 35]",45,1521519750,2013-02-02
530,"[16, 23, 27, 29, 33, 41]",22,1231656239,2013-01-26
529,"[18, 20, 24, 27, 31, 42]",39,1749114797,2013-01-19
528,"[5, 17, 25, 31, 39, 40]",10,1197889125,2013-01-12
527,"[1, 12, 22, 32, 33, 42]",38,1032386366,2013-01-05
526,"[7, 14, 17, 20, 35, 39]",31,1491031959,2012-12-29
525,"[11, 23, 26, 29, 39, 44]",22,1501132375,2012-12-22
524,"[10, 11, 29, 38, 41, 45]",21,3491695594,2012-12-15
523,"[1, 4, 37, 38, 40, 45]",7,1780355840,2012-12-08
522,"[4, 5, 13, 14, 37, 41]",11,2281623000,2012-12-01
521,"[3, 7, 18, 29, 32, 36]",19,1693420922,2012-11-24
520,"[4, 22, 27, 28, 38, 40]",1,2167205438,2012-11-17
519,"[6, 8, 13, 16, 30, 43]",3,1950601393,2012-11-10
518,"[14, 23, 30, 32, 34, 38]",6,2263804125,2012-11-03
517,"[1, 9, 12, 28, 36, 41]",10,2659057725,2012-10-27
516,"[2, 8, 23, 41, 43, 44]",30,1294190182,2012-10-20
515,"[2, 11, 12, 15, 23, 37]",8,13200466875,2012-10-13
514,"[1, 15, 20, 26, 35, 42]",9,4451055500,2012-10-06
513,"[5, 8, 21, 23, 27, 33]",12,4589624750,2012-09-29
512,"[4, 5, 9, 13, 26, 27]",1,940094452,2012-09-22
511,"[3, 7, 14, 23, 26, 42]",24,2165579250,2012-09-15
510,"[12, 29, 32, 33, 39, 40]",42,2644158150,2012-09-08
509,"[12, 25, 29, 35, 42, 43]",24,2689076100,2012-09-01
508,"[5, 27, 31, 34, 35, 43]",37,1599557860,2012-08-25
507,"[12, 13, 32, 33, 40, 41]",4,1416438875,2012-08-18
506,"[6, 9, 11, 22, 24, 30]",31,4073333875,2012-08-11
505,"[7, 20, 22, 25, 38, 40]",44,1917955188,2012-08-04
504,"[6, 14, 22, 26, 43, 44]",31,1443236959,2012-07-28
503,"[1, 5, 27, 30, 34, 36]",40,1853634911,2012-07-21
502,"[6, 22, 28, 32, 34, 40]",26,2201458125,2012-07-14
501,"[1, 4, 10, 17, 31, 42]",2,3025200094,2012-07-07
500,"[3, 4, 12, 20, 24, 34]",41,1351072375,2012-06-30
499,"[5, 20, 23, 27, 35, 40]",43,4070480250,2012-06-23
498,"[13, 14, 24, 32, 39, 41]",3,3244503094,2012-06-16
497,"[19, 20, 23, 24, 43, 44]",13,2222817813,2012-06-09
496,"[4, 13, 20, 29, 36, 41]",39,3285932250,2012-06-02
495,"[4, 13, 22, 27, 34, 44]",6,2111645000,2012-05-26
494,"[5, 7, 8, 15, 30, 43]",22,1054588407,2012-05-19
493,"[20, 22, 26, 33, 36, 37]",25,1451120334,2012-05-12
492,"[22, 27, 31, 35, 37, 40]",42,2493013800,2012-05-05
491,"[8, 17, 35, 36, 39, 42]",4,3304634438,2012-04-28
490,"[2, 7, 26, 29, 40, 43]",42,1860234161,2012-04-21
489,"[2, 4, 8, 15, 20, 27]",11,2106360625,2012-04-14
488,"[2, 8, 17, 30, 31, 38]",25,1330393575,2012-04-07
487,"[4, 8, 25, 27, 37, 41]",21,1638830766,2012-03-31
486,"[1, 2, 23, 25, 38, 40]",43,1008634125,2012-03-24
485,"[17, 22, 26, 27, 36, 39]",20,1501474917,2012-03-17
484,"[1, 3, 27, 28, 32, 45]",11,2305303063,2012-03-10
483,"[12, 15, 19, 22, 28, 34]",5,2567196675,2012-03-03
482,"[1, 10, 16, 24, 25, 35]",43,1897921179,2012-02-25
481,"[3, 4, 23, 29, 40, 41]",20,4639355750,2012-02-18
480,"[3, 5, 10, 17, 30, 31]",16,2996742282,2012-02-11
479,"[8, 23, 25, 27, 35, 44]",24,2233046500,2012-02-04
478,"[18, 29, 30, 37, 39, 43]",8,987224759,2012-01-28
477,"[14, 25, 29, 32, 33, 45]",37,1919011829,2012-01-21
476,"[9, 12, 13, 15, 37, 38]",27,3439851469,2012-01-14
475,"[1, 9, 14, 16, 21, 29]",3,1693923047,2012-01-07
474,"[4, 13, 18, 31, 33, 45]",43,936690800,2011-12-31
473,"[8, 13, 20, 22, 23, 36]",34,3250418063,2011-12-24
472,"[16, 25, 26, 31, 36, 43]",44,1809656090,2011-12-17
471,"[6, 13, 29, 37, 39, 41]",43,1939332858,2011-12-10
470,"[10, 16, 20, 39, 41, 42]",27,4333330625,2011-12-03
469,"[4, 21, 22, 34, 37, 38]",33,3330131250,2011-11-26
468,"[8, 13, 15, 28, 37, 43]",17,1527197167,2011-11-19
467,"[2, 12, 14, 17, 24, 40]",39,1435441084,2011-11-12
466,"[4, 10, 13, 23, 32, 44]",20,1530313459,2011-11-05
465,"[1, 8, 11, 13, 22, 38]",31,1923662893,2011-10-29
464,"[6, 12, 15, 34, 42, 44]",4,3355721106,2011-10-22
463,"[23, 29, 31, 33, 34, 44]",40,0,2011-10-15
462,"[3, 20, 24, 32, 37, 45]",4,1483559297,2011-10-08
461,"[11, 18, 26, 31, 37, 40]",43,1948674875,2011-10-01
460,"[8, 11, 28, 30, 43, 45]",41,3180895782,2011-09-24
459,"[4, 6, 10, 14, 25, 40]",12,1655842233,2011-09-17
458,"[4, 9, 10, 32, 36, 40]",18,1608812625,2011-09-10
457,"[8, 10, 18, 23, 27, 40]",33,1159902825,2011-09-03
456,"[1, 7, 12, 18, 23, 27]",44,1598505054,2011-08-27
455,"[4, 19, 20, 26, 30, 35]",24,1635711483,2011-08-20
454,"[13, 25, 27, 34, 38, 41]",10,1609125590,2011-08-13
453,"[12, 24, 33, 38, 40, 42]",30,2262732375,2011-08-06
452,"[8, 10, 18, 30, 32, 34]",27,1276902000,2011-07-30
451,"[12, 15, 20, 24, 30, 38]",29,882138952,2011-07-23
450,"[6, 14, 19, 21, 23, 31]",13,1990391625,2011-07-16
449,"[3, 10, 20, 26, 35, 43]",36,4059715250,2011-07-09
448,"[3, 7, 13, 27, 40, 41]",36,4026212750,2011-07-02
447,"[2, 7, 8, 9, 17, 33]",34,2657941125,2011-06-25
446,"[1, 11, 12, 14, 26, 35]",6,4051247625,2011-06-18
445,"[13, 20, 21, 30, 39, 45]",32,1791683036,2011-06-11
444,"[11, 13, 23, 35, 43, 45]",17,4154188625,2011-06-04
443,"[4, 6, 10, 19, 20, 44]",14,1327597584,2011-05-28
442,"[25, 27, 29, 36, 38, 40]",41,1413413042,2011-05-21
441,"[1, 23, 28, 30, 34, 35]",9,3170417063,2011-05-14
440,"[10, 22, 28, 34, 36, 44]",2,1995873000,2011-05-07
439,"[17, 20, 30, 31, 37, 40]",25,1900077375,2011-04-30
438,"[6, 12, 20, 26, 29, 38]",45,1377142167,2011-04-23
437,"[11, 16, 29, 38, 41, 44]",21,2096245438,2011-04-16
436,"[9, 14, 20, 22, 33, 34]",28,1512266579,2011-04-09
435,"[8, 16, 26, 30, 38, 45]",42,1287550013,2011-04-02
434,"[3, 13, 20, 24, 33, 37]",35,1480060266,2011-03-26
433,"[19, 23, 29, 33, 35, 43]",27,1182294410,2011-03-19
432,"[2, 3, 5, 11, 27, 39]",33,2299427550,2011-03-12
431,"[18, 22, 25, 31, 38, 45]",6,1268434013,2011-03-05
430,"[1, 3, 16, 18, 30, 34]",44,1611763219,2011-02-26
429,"[3, 23, 28, 34, 39, 42]",16,1485904709,2011-02-19
428,"[12, 16, 19, 22, 37, 40]",8,1437683209,2011-02-12
427,"[6, 7, 15, 24, 28, 30]",21,12571445625,2011-02-05
426,"[4, 17, 18, 27, 39, 43]",19,3057233625,2011-01-29
425,"[8, 10, 14, 27, 33, 38]",3,1534833000,2011-01-22
424,"[10, 11, 26, 31, 34, 44]",30,1109480813,2011-01-15
423,"[1, 17, 27, 28, 29, 40]",5,3896153875,2011-01-08
422,"[8, 15, 19, 21, 34, 44]",12,2205251375,2011-01-01
421,"[6, 11, 26, 27, 28, 44]",30,2321144325,2010-12-25
420,"[4, 9, 10, 29, 31, 34]",27,1424856375,2010-12-18
419,"[2, 11, 13, 14, 28, 30]",7,3796490750,2010-12-11
418,"[11, 13, 15, 26, 28, 34]",31,1435649766,2010-12-04
417,"[4, 5, 14, 20, 22, 43]",44,2818329938,2010-11-27
416,"[5, 6, 8, 11, 22, 26]",44,1072037100,2010-11-20
415,"[7, 17, 20, 26, 30, 40]",24,1334182407,2010-11-13
414,"[2, 14, 15, 22, 23, 44]",43,11703832500,2010-11-06
413,"[2, 9, 15, 23, 34, 40]",3,2814673500,2010-10-30
412,"[4, 7, 39, 41, 42, 45]",40,1656199822,2010-10-23
411,"[11, 14, 22, 35, 37, 39]",5,953227563,2010-10-16
410,"[1, 3, 18, 32, 40, 41]",16,1249335709,2010-10-09
409,"[6, 9, 21, 31, 32, 40]",38,2896989750,2010-10-02
408,"[9, 20, 21, 22, 30, 37]",16,2235375825,2010-09-25
407,"[6, 7, 13, 16, 24, 25]",1,1649707286,2010-09-18
406,"[7, 12, 21, 24, 27, 36]",45,2156142450,2010-09-11
405,"[1, 2, 10, 25, 26, 44]",4,3543878000,2010-09-04
404,"[5, 20, 21, 24, 33, 40]",36,3566659375,2010-08-28
403,"[10, 14, 22, 24, 28, 37]",26,2122396875,2010-08-21
402,"[5, 9, 15, 19, 22, 36]",32,2662206188,2010-08-14
401,"[6, 12, 18, 31, 38, 43]",9,1168214792,2010-08-07
400,"[9, 21, 27, 34, 41, 43]",2,2669834325,2010-07-31
399,"[1, 2, 9, 17, 19, 42]",20,1276854975,2010-07-24
398,"[10, 15, 20, 23, 42, 44]",7,2680625550,2010-07-17
397,"[12, 13, 17, 22, 25, 33]",8,3499519700,2010-07-10
396,"[18, 20, 31, 34, 40, 45]",30,5296622400,2010-07-03
395,"[11, 15, 20, 26, 31, 35]",7,1534635000,2010-06-26
394,"[1, 13, 20, 22, 25, 28]",15,10654349100,2010-06-19
393,"[9, 16, 28, 40, 41, 43]",21,1362003975,2010-06-12
392,"[1, 3, 7, 8, 24, 42]",43,1713528700,2010-06-05
391,"[10, 11, 18, 22, 28, 39]",30,10508749800,2010-05-29
390,"[16, 17, 28, 37, 39, 40]",15,10373997900,2010-05-22
389,"[7, 16, 18, 20, 23, 26]",3,2119027020,2010-05-15
388,"[1, 8, 9, 17, 29, 32]",45,2545543875,2010-05-08
387,"[1, 26, 31, 34, 40, 43]",20,2675533500,2010-05-01
386,"[4, 7, 10, 19, 31, 40]",26,1042953330,2010-04-24
385,"[7, 12, 19, 21, 29, 32]",9,1542032700,2010-04-17
384,"[11, 22, 24, 32, 36, 38]",7,3658734200,2010-04-10
383,"[4, 15, 28, 33, 37, 40]",25,3596522100,2010-04-03
382,"[10, 15, 22, 24, 27, 42]",19,1846674900,2010-03-27
381,"[1, 5, 10, 12, 16, 20]",11,565738895,2010-03-20
380,"[1, 2, 8, 17, 26, 37]",27,2684274825,2010-03-13
379,"[6, 10, 22, 31, 35, 40]",19,1598999786,2010-03-06
378,"[5, 22, 29, 31, 34, 39]",43,2317698240,2010-02-27
377,"[6, 22, 29, 37, 43, 45]",23,3912085400,2010-02-20
376,"[1, 11, 13, 24, 28, 40]",7,1956915800,2010-02-13
375,"[4, 8, 19, 25, 27, 45]",7,1581284058,2010-02-06
374,"[11, 13, 15, 17, 25, 34]",26,5528717850,2010-01-30
373,"[15, 26, 37, 42, 43, 45]",9,2791801125,2010-01-23
372,"[8, 11, 14, 16, 18, 21]",13,1192593200,2010-01-16
371,"[7, 9, 15, 26, 27, 42]",18,1524130543,2010-01-09
370,"[16, 18, 24, 42, 44, 45]",17,1678941943,2010-01-02
369,"[17, 20, 35, 36, 41, 43]",21,1842177750,2009-12-26
368,"[11, 21, 24, 30, 39, 45]",26,1465825115,2009-12-19
367,"[3, 22, 25, 29, 32, 44]",19,1581736586,2009-12-12
366,"[5, 12, 19, 26, 27, 44]",38,5351553900,2009-12-05
365,"[5, 15, 21, 25, 26, 30]",31,10697716800,2009-11-28
364,"[2, 5, 7, 14, 16, 40]",4,2531914800,2009-11-21
363,"[11, 12, 14, 21, 32, 38]",6,2615910600,2009-11-14
362,"[2, 3, 22, 27, 30, 40]",29,1729424650,2009-11-07
361,"[5, 10, 16, 24, 27, 35]",33,1473115115,2009-10-31
360,"[4, 16, 23, 25, 35, 40]",27,3566716200,2009-10-24
359,"[1, 10, 19, 20, 24, 40]",23,1286712600,2009-10-17
358,"[1, 9, 10, 12, 21, 40]",37,3472654900,2009-10-10
357,"[10, 14, 18, 21, 36, 37]",5,5313394350,2009-10-03
356,"[2, 8, 14, 25, 29, 45]",24,1157185267,2009-09-26
355,"[5, 8, 29, 30, 35, 44]",38,2145424800,2009-09-19
354,"[14, 19, 36, 43, 44, 45]",1,2124464340,2009-09-12
353,"[11, 16, 19, 22, 29, 36]",26,5290838250,2009-09-05
352,"[5, 16, 17, 20, 26, 41]",24,1732858250,2009-08-29
351,"[5, 25, 27, 29, 34, 36]",33,2583357150,2009-08-22
350,"[1, 8, 18, 24, 29, 33]",35,1101052467,2009-08-15
349,"[5, 13, 14, 20, 24, 25]",36,3353209000,2009-08-08
348,"[3, 14, 17, 20, 24, 31]",34,3299994000,2009-08-01
347,"[3, 8, 13, 27, 32, 42]",10,1456624286,2009-07-25
346,"[5, 13, 14, 22, 44, 45]",33,2017727340,2009-07-18
345,"[15, 20, 23, 29, 39, 42]",2,5203577550,2009-07-11
344,"[1, 2, 15, 28, 34, 45]",38,1467106543,2009-07-04
343,"[1, 10, 17, 29, 31, 43]",15,1717153000,2009-06-27
342,"[1, 13, 14, 33, 34, 43]",25,3454095800,2009-06-20
341,"[1, 8, 19, 34, 39, 43]",41,1497207772,2009-06-13
340,"[18, 24, 26, 29, 34, 38]",32,1439393186,2009-06-06
339,"[6, 8, 14, 21, 30, 37]",45,1096778334,2009-05-30
338,"[2, 13, 34, 38, 42, 45]",16,3383431000,2009-05-23
337,"[1, 5, 14, 18, 32, 37]",4,1257500513,2009-05-16
336,"[3, 5, 20, 34, 35, 44]",16,1685632650,2009-05-09
335,"[5, 9, 16, 23, 26, 45]",21,2037492480,2009-05-02
334,"[13, 15, 21, 29, 39, 43]",33,1523002972,2009-04-25
333,"[5, 14, 27, 30, 39, 43]",35,1550987143,2009-04-18
332,"[16, 17, 34, 36, 42, 45]",3,1359448388,2009-04-11
331,"[4, 9, 14, 26, 31, 44]",39,2165902620,2009-04-04
330,"[3, 4, 16, 17, 19, 20]",23,1162280200,2009-03-28
329,"[9, 17, 19, 30, 35, 42]",4,1830391200,2009-03-21
328,"[1, 6, 9, 16, 17, 28]",24,1819795900,2009-03-14
327,"[6, 12, 13, 17, 32, 44]",24,882674750,2009-03-07
326,"[16, 23, 25, 33, 36, 39]",40,1832134550,2009-02-28
325,"[7, 17, 20, 32, 44, 45]",33,1806122450,2009-02-21
324,"[2, 4, 21, 25, 33, 36]",17,1865130350,2009-02-14
323,"[10, 14, 15, 32, 36, 42]",3,1461025388,2009-02-07
322,"[9, 18, 29, 32, 38, 43]",20,1904544700,2009-01-31
321,"[12, 18, 20, 21, 25, 34]",42,1959136100,2009-01-24
320,"[16, 19, 23, 25, 41, 45]",3,5513067900,2009-01-17
319,"[5, 8, 22, 28, 33, 42]",37,2135659380,2009-01-10
318,"[2, 17, 19, 20, 34, 45]",21,1207436600,2009-01-03
317,"[3, 10, 11, 22, 36, 39]",8,2576258550,2008-12-27
316,"[10, 11, 21, 27, 31, 39]",43,1673586400,2008-12-20
315,"[1, 13, 33, 35, 43, 45]",23,1308728625,2008-12-13
314,"[15, 17, 19, 34, 38, 41]",2,1660512200,2008-12-06
313,"[9, 17, 34, 35, 43, 45]",2,1715422800,2008-11-29
312,"[2, 3, 5, 6, 12, 20]",25,629017820,2008-11-22
311,"[4, 12, 24, 27, 28, 32]",10,1237691063,2008-11-15
310,"[1, 5, 19, 28, 34, 41]",16,1296713325,2008-11-08
309,"[1, 2, 5, 11, 18, 36]",22,901622946,2008-11-01
308,"[14, 15, 17, 19, 37, 45]",40,10232872800,2008-10-25
307,"[5, 15, 21, 23, 25, 45]",12,2587643250,2008-10-18
306,"[4, 18, 23, 30, 34, 41]",19,2102669520,2008-10-11
305,"[7, 8, 18, 21, 23, 39]",9,2008210140,2008-10-04
304,"[4, 10, 16, 26, 33, 41]",38,1661646150,2008-09-27
303,"[2, 14, 17, 30, 38, 45]",43,1672749000,2008-09-20
302,"[13, 19, 20, 32, 38, 42]",4,5472167250,2008-09-13
301,"[7, 11, 13, 33, 37, 43]",26,1447385015,2008-09-06
300,"[7, 9, 10, 12, 26, 38]",39,836092425,2008-08-30
299,"[1, 3, 20, 25, 36, 45]",24,1483772529,2008-08-23
298,"[5, 9, 27, 29, 37, 40]",19,9909778500,2008-08-16
297,"[6, 11, 19, 20, 28, 32]",34,5056668750,2008-08-09
296,"[3, 8, 15, 27, 30, 45]",44,3066088275,2008-08-02
295,"[1, 4, 12, 16, 18, 38]",8,0,2008-07-26
294,"[6, 10, 17, 30, 37, 38]",40,2406504975,2008-07-19
293,"[1, 9, 17, 21, 29, 33]",24,1656764400,2008-07-12
292,"[17, 18, 31, 32, 33, 34]",10,720373950,2008-07-05
291,"[3, 7, 8, 18, 20, 42]",45,1450585200,2008-06-28
290,"[8, 13, 18, 32, 39, 45]",7,2149214424,2008-06-21
289,"[3, 14, 33, 37, 38, 42]",10,0,2008-06-14
288,"[1, 12, 17, 28, 35, 41]",10,2357261550,2008-06-07
287,"[6, 12, 24, 27, 35, 37]",41,1328657100,2008-05-31
286,"[1, 15, 19, 40, 42, 44]",17,3236566300,2008-05-24
285,"[13, 33, 37, 40, 41, 45]",2,3164370100,2008-05-17
284,"[2, 7, 15, 24, 30, 45]",28,3117640300,2008-05-10
283,"[6, 8, 18, 31, 38, 45]",42,3137224600,2008-05-03
282,"[2, 5, 10, 18, 31, 32]",30,1322052643,2008-04-26
281,"[1, 3, 4, 6, 14, 41]",12,1554683200,2008-04-19
280,"[10, 11, 23, 24, 36, 37]",35,1355258529,2008-04-12
279,"[7, 16, 31, 36, 37, 38]",11,1914205320,2008-04-05
278,"[3, 11, 37, 39, 41, 43]",13,3186530000,2008-03-29
277,"[10, 12, 13, 15, 25, 29]",20,3272627800,2008-03-22
276,"[4, 15, 21, 33, 39, 41]",25,3312569000,2008-03-15
275,"[14, 19, 20, 35, 38, 40]",26,10044066900,2008-03-08
274,"[13, 14, 15, 26, 35, 39]",25,2505085575,2008-03-01
273,"[1, 8, 24, 31, 34, 44]",6,3339543100,2008-02-23
272,"[7, 9, 12, 27, 39, 43]",28,1104622800,2008-02-16
271,"[3, 8, 9, 27, 29, 40]",36,1565918150,2008-02-09
270,"[5, 9, 12, 20, 21, 26]",27,1927830060,2008-02-02
269,"[5, 18, 20, 36, 42, 43]",32,1961399940,2008-01-26
268,"[3, 10, 19, 24, 32, 45]",12,1350954515,2008-01-19
267,"[7, 8, 24, 34, 36, 41]",1,3257663300,2008-01-12
266,"[3, 4, 9, 11, 22, 42]",37,3207211700,2008-01-05
265,"[5, 9, 34, 37, 38, 39]",12,1200838575,2007-12-29
264,"[9, 16, 27, 36, 41, 44]",5,1344889200,2007-12-22
263,"[1, 27, 28, 32, 37, 40]",18,1551704900,2007-12-15
262,"[9, 12, 24, 25, 29, 31]",36,4518741600,2007-12-08
261,"[6, 11, 16, 18, 31, 43]",2,3192299100,2007-12-01
260,"[7, 12, 15, 24, 37, 40]",43,2310085575,2007-11-24
259,"[4, 5, 14, 35, 42, 45]",34,4838533500,2007-11-17
258,"[14, 27, 30, 31, 38, 40]",17,2426434350,2007-11-10
257,"[6, 13, 27, 31, 32, 37]",4,2391377025,2007-11-03
256,"[4, 11, 14, 21, 23, 43]",32,4891017000,2007-10-27
255,"[1, 5, 6, 24, 27, 42]",32,1598618550,2007-10-20
254,"[1, 5, 19, 20, 24, 30]",27,9741015900,2007-10-13
253,"[8, 19, 25, 31, 34, 36]",33,2466189525,2007-10-06
252,"[14, 23, 26, 31, 39, 45]",28,1391089715,2007-09-29
251,"[6, 7, 19, 25, 28, 38]",45,1282616400,2007-09-22
250,"[19, 23, 30, 37, 43, 45]",38,1994726280,2007-09-15
249,"[3, 8, 27, 31, 41, 44]",11,1663568700,2007-09-08
248,"[3, 8, 17, 23, 38, 45]",13,1227479363,2007-09-01
247,"[12, 15, 28, 36, 39, 40]",13,1669313900,2007-08-25
246,"[13, 18, 21, 23, 26, 39]",15,1911774240,2007-08-18
245,"[9, 11, 27, 31, 32, 38]",22,1382583129,2007-08-11
244,"[13, 16, 25, 36, 37, 38]",19,9121583100,2007-08-04
243,"[2, 12, 17, 19, 28, 42]",34,2408850000,2007-07-28
242,"[4, 19, 20, 21, 32, 34]",43,1234542375,2007-07-21
241,"[2, 16, 24, 27, 28, 35]",21,2552016300,2007-07-14
240,"[6, 10, 16, 40, 41, 43]",21,5098251450,2007-07-07
239,"[11, 15, 24, 39, 41, 44]",7,1134140167,2007-06-30
238,"[2, 4, 15, 28, 31, 34]",35,1121660567,2007-06-23
237,"[1, 11, 17, 21, 24, 44]",33,1440630729,2007-06-16
236,"[1, 4, 8, 13, 37, 39]",7,5030040150,2007-06-09
235,"[21, 22, 26, 27, 31, 37]",8,3433330100,2007-06-02
234,"[13, 21, 22, 24, 26, 37]",4,2519743875,2007-05-26
233,"[4, 6, 13, 17, 28, 40]",39,999153750,2007-05-19
232,"[8, 9, 10, 12, 24, 44]",35,1110918400,2007-05-12
231,"[5, 10, 19, 31, 44, 45]",27,1088365900,2007-05-05
230,"[5, 11, 14, 29, 32, 33]",12,1292929163,2007-04-28
229,"[4, 5, 9, 11, 23, 38]",35,1451441100,2007-04-21
228,"[17, 25, 35, 36, 39, 44]",23,1146700334,2007-04-14
227,"[4, 5, 15, 16, 22, 42]",2,5253542400,2007-04-07
226,"[2, 6, 8, 14, 21, 22]",34,1744100150,2007-03-31
225,"[5, 11, 13, 19, 31, 36]",7,1777201800,2007-03-24
224,"[4, 19, 26, 27, 30, 42]",7,1808969950,2007-03-17
223,"[1, 3, 18, 20, 26, 27]",38,1498170600,2007-03-10
222,"[5, 7, 28, 29, 39, 43]",44,2275193820,2007-03-03
221,"[2, 20, 33, 35, 37, 40]",10,1800104250,2007-02-24
220,"[5, 11, 19, 21, 34, 43]",31,1958094950,2007-02-17
219,"[4, 11, 20, 26, 35, 37]",16,1208409167,2007-02-10
218,"[1, 8, 14, 18, 29, 44]",20,2779075800,2007-02-03
217,"[16, 20, 27, 33, 35, 39]",38,1611246172,2007-01-27
216,"[7, 16, 17, 33, 36, 40]",1,848506108,2007-01-20
215,"[2, 3, 7, 15, 43, 44]",4,1587689615,2007-01-13
214,"[5, 7, 20, 25, 28, 37]",32,1406980875,2007-01-06
213,"[2, 3, 4, 5, 20, 24]",42,1376678025,2006-12-30
212,"[11, 12, 18, 21, 31, 38]",8,2660747250,2006-12-23
211,"[12, 13, 17, 20, 33, 41]",8,1035800250,2006-12-16
210,"[10, 19, 22, 23, 25, 37]",39,5139085950,2006-12-09
209,"[2, 7, 18, 20, 24, 33]",37,1660896350,2006-12-02
208,"[14, 25, 31, 34, 40, 44]",24,1760767400,2006-11-25
207,"[3, 11, 14, 31, 32, 37]",38,2104673760,2006-11-18
206,"[1, 2, 3, 15, 20, 25]",43,2032859340,2006-11-11
205,"[1, 3, 21, 29, 35, 37]",30,1835221800,2006-11-04
204,"[3, 12, 14, 35, 40, 45]",5,1358347125,2006-10-28
203,"[1, 3, 11, 24, 30, 32]",7,2164564740,2006-10-21
202,"[12, 14, 27, 33, 39, 44]",17,1893391700,2006-10-14
201,"[3, 11, 24, 38, 39, 44]",26,9719465400,2006-10-07
200,"[5, 6, 13, 14, 17, 20]",7,1344616613,2006-09-30
199,"[14, 21, 22, 25, 30, 36]",43,5344252200,2006-09-23
198,"[12, 19, 20, 25, 41, 45]",2,1797855050,2006-09-16
197,"[7, 12, 16, 34, 42, 45]",4,1803018300,2006-09-09
196,"[35, 36, 37, 41, 44, 45]",30,727876520,2006-09-02
195,"[7, 10, 19, 22, 35, 40]",31,918992591,2006-08-26
194,"[15, 20, 23, 26, 39, 44]",28,2650567875,2006-08-19
193,"[6, 14, 18, 26, 36, 39]",13,3404449700,2006-08-12
192,"[4, 8, 11, 18, 37, 45]",33,2445348375,2006-08-05
191,"[5, 6, 24, 25, 32, 37]",8,2577114675,2006-07-29
190,"[8, 14, 18, 30, 31, 44]",15,1784159450,2006-07-22
189,"[8, 14, 32, 35, 37, 45]",28,3461775100,2006-07-15
188,"[19, 24, 27, 30, 31, 34]",36,3501405200,2006-07-08
187,"[1, 2, 8, 18, 29, 38]",42,1544733900,2006-07-01
186,"[4, 10, 14, 19, 21, 45]",9,1187882600,2006-06-24
185,"[1, 2, 4, 8, 19, 38]",14,3522485800,2006-06-17
184,"[1, 2, 6, 16, 20, 33]",41,1747753050,2006-06-10
183,"[2, 18, 24, 34, 40, 42]",5,1777221500,2006-06-03
182,"[13, 15, 27, 29, 34, 40]",35,3721439400,2006-05-27
181,"[14, 21, 23, 32, 40, 45]",44,1941763300,2006-05-20
180,"[2, 15, 20, 21, 29, 34]",22,5763371550,2006-05-13
179,"[5, 9, 17, 25, 39, 43]",32,1081093920,2006-05-06
178,"[1, 5, 11, 12, 18, 23]",9,2254621080,2006-04-29
177,"[1, 10, 13, 16, 37, 43]",6,1693285500,2006-04-22
176,"[4, 17, 30, 32, 33, 34]",15,2314663080,2006-04-15
175,"[19, 26, 28, 31, 33, 36]",17,2371132620,2006-04-08
174,"[13, 14, 18, 22, 35, 39]",16,1771103058,2006-04-01
173,"[3, 9, 24, 30, 33, 34]",18,1487736788,2006-03-25
172,"[4, 19, 21, 24, 26, 41]",35,1081154073,2006-03-18
171,"[4, 16, 25, 29, 34, 35]",1,1961339700,2006-03-11
170,"[2, 11, 13, 15, 31, 42]",10,1923108250,2006-03-04
169,"[16, 27, 35, 37, 43, 45]",19,2482888380,2006-02-25
168,"[3, 10, 31, 40, 42, 43]",30,2349946920,2006-02-18
167,"[24, 27, 28, 30, 36, 39]",4,2491222920,2006-02-11
166,"[9, 12, 27, 36, 39, 45]",14,1111299982,2006-02-04
165,"[5, 13, 18, 19, 22, 42]",31,6767426700,2006-01-28
164,"[6, 9, 10, 11, 39, 41]",27,4054937900,2006-01-21
163,"[7, 11, 26, 28, 29, 44]",16,1629726515,2006-01-14
162,"[1, 5, 21, 25, 38, 41]",24,2308265760,2006-01-07
161,"[22, 34, 36, 40, 42, 45]",44,1996876272,2005-12-31
160,"[3, 7, 8, 34, 39, 41]",1,5490805350,2005-12-24
159,"[1, 18, 30, 41, 42, 43]",32,1755407300,2005-12-17
158,"[4, 9, 13, 18, 21, 34]",7,1069544340,2005-12-10
157,"[19, 26, 30, 33, 35, 39]",37,5484903750,2005-12-03
156,"[5, 18, 28, 30, 42, 45]",2,1401099900,2005-11-26
155,"[16, 19, 20, 32, 33, 41]",4,1193005734,2005-11-19
154,"[6, 19, 21, 35, 40, 45]",20,2836628700,2005-11-12
153,"[3, 8, 11, 12, 13, 36]",33,2730526125,2005-11-05
152,"[1, 5, 13, 26, 29, 34]",43,2278131840,2005-10-29
151,"[1, 2, 10, 13, 18, 19]",15,2716634025,2005-10-22
150,"[2, 18, 25, 28, 37, 39]",16,2831645850,2005-10-15
149,"[2, 11, 21, 34, 41, 42]",27,1639052143,2005-10-08
148,"[21, 25, 33, 34, 35, 36]",17,2323596420,2005-10-01
147,"[4, 6, 13, 21, 40, 42]",36,1700040215,2005-09-24
146,"[2, 19, 27, 35, 41, 42]",25,6043415250,2005-09-17
145,"[2, 3, 13, 20, 27, 44]",9,3797838200,2005-09-10
144,"[4, 15, 17, 26, 36, 37]",43,1402440413,2005-09-03
143,"[26, 27, 28, 42, 43, 45]",8,3954584700,2005-08-27
142,"[12, 16, 30, 34, 40, 44]",19,1018265564,2005-08-20
141,"[8, 12, 29, 31, 42, 43]",2,1900552400,2005-08-13
140,"[3, 13, 17, 18, 19, 28]",8,2109462840,2005-08-06
139,"[9, 11, 15, 20, 28, 43]",13,1650210215,2005-07-30
138,"[10, 11, 27, 28, 37, 39]",19,2227152000,2005-07-23
137,"[7, 9, 20, 25, 36, 39]",15,1270403467,2005-07-16
136,"[2, 16, 30, 36, 41, 42]",11,1997694150,2005-07-09
135,"[6, 14, 22, 28, 35, 39]",16,1717293515,2005-07-02
134,"[3, 12, 20, 23, 31, 35]",43,2349155100,2005-06-25
133,"[4, 7, 15, 18, 23, 26]",13,1450242600,2005-06-18
132,"[3, 17, 23, 34, 41, 45]",43,2920473525,2005-06-11
131,"[8, 10, 11, 14, 15, 21]",37,1451214488,2005-06-04
130,"[7, 19, 24, 27, 42, 45]",31,3036496650,2005-05-28
129,"[19, 23, 25, 28, 38, 42]",17,1093629655,2005-05-21
128,"[12, 30, 34, 36, 37, 45]",39,2064043100,2005-05-14
127,"[3, 5, 10, 29, 32, 43]",35,1965939150,2005-05-07
126,"[7, 20, 22, 27, 40, 43]",1,1369301500,2005-04-30
125,"[2, 8, 32, 33, 35, 36]",18,1754870786,2005-04-23
124,"[4, 16, 23, 25, 29, 42]",1,1395936267,2005-04-16
123,"[7, 17, 18, 28, 30, 45]",27,2532982680,2005-04-09
122,"[1, 11, 16, 17, 36, 40]",8,1450073800,2005-04-02
121,"[12, 28, 30, 34, 38, 43]",9,6839648100,2005-03-26
120,"[4, 6, 10, 11, 32, 37]",30,4364530300,2005-03-19
119,"[3, 11, 13, 14, 17, 21]",38,1474899400,2005-03-12
118,"[3, 4, 10, 17, 19, 22]",38,1297989720,2005-03-05
117,"[5, 10, 22, 34, 36, 44]",35,1558378334,2005-02-26
116,"[2, 4, 25, 31, 34, 37]",17,1997747315,2005-02-19
115,"[1, 2, 6, 9, 25, 28]",31,1488589567,2005-02-12
114,"[11, 14, 19, 26, 28, 41]",2,2362345050,2005-02-05
113,"[4, 9, 28, 33, 36, 45]",26,1561528934,2005-01-29
112,"[26, 29, 30, 33, 41, 42]",43,1567271167,2005-01-22
111,"[7, 18, 31, 33, 36, 40]",27,2199047450,2005-01-15
110,"[7, 20, 22, 23, 29, 43]",1,4566262000,2005-01-08
109,"[1, 5, 34, 36, 42, 44]",33,1246838200,2005-01-01
108,"[7, 18, 22, 23, 29, 44]",12,1998900772,2004-12-25
107,"[1, 4, 5, 6, 9, 31]",17,6679927800,2004-12-18
106,"[4, 10, 12, 22, 24, 33]",29,810461157,2004-12-11
105,"[8, 10, 20, 34, 41, 45]",28,3416781450,2004-12-04
104,"[17, 32, 33, 34, 42, 44]",35,6610743750,2004-11-27
103,"[5, 14, 15, 27, 30, 45]",10,1691589563,2004-11-20
102,"[17, 22, 24, 26, 35, 40]",42,1457153067,2004-11-13
101,"[1, 3, 17, 32, 35, 45]",8,2707297500,2004-11-06
100,"[1, 7, 11, 23, 37, 42]",6,3315315525,2004-10-30
99,"[1, 3, 10, 27, 29, 37]",11,2169219050,2004-10-23
98,"[6, 9, 16, 23, 24, 32]",43,3177972300,2004-10-16
97,"[6, 7, 14, 15, 20, 36]",3,1496214000,2004-10-09
96,"[1, 3, 8, 21, 22, 31]",20,1847133515,2004-10-02
95,"[8, 17, 27, 31, 34, 43]",14,1747741238,2004-09-25
94,"[5, 32, 34, 40, 41, 45]",6,2245339950,2004-09-18
93,"[6, 22, 24, 36, 38, 44]",19,2269178150,2004-09-11
92,"[3, 14, 24, 33, 35, 36]",17,1233270846,2004-09-04
91,"[1, 21, 24, 26, 29, 42]",27,3582902400,2004-08-28
90,"[17, 20, 29, 35, 38, 44]",10,3291435300,2004-08-21
89,"[4, 26, 28, 29, 33, 40]",37,4248321900,2004-08-14
88,"[1, 17, 20, 24, 30, 41]",27,3069709650,2004-08-07
87,"[4, 12, 16, 23, 34, 43]",26,1799358055,2004-07-31
86,"[2, 12, 37, 39, 41, 45]",33,14252186400,2004-07-24
85,"[6, 8, 13, 23, 31, 36]",21,3462109800,2004-07-17
84,"[16, 23, 27, 34, 42, 45]",11,7669779000,2004-07-10
83,"[6, 10, 15, 17, 19, 34]",14,7086948300,2004-07-03
82,"[1, 2, 3, 14, 27, 42]",39,14562494400,2004-06-26
81,"[5, 7, 11, 13, 20, 33]",6,2714288880,2004-06-19
80,"[17, 18, 24, 25, 26, 30]",1,13809540000,2004-06-12
79,"[3, 12, 24, 27, 30, 32]",14,3416443800,2004-06-05
78,"[10, 13, 25, 29, 33, 35]",38,3519850000,2004-05-29
77,"[2, 18, 29, 32, 43, 44]",37,5155758600,2004-05-22
76,"[1, 3, 15, 22, 25, 37]",43,7451022600,2004-05-15
75,"[2, 5, 24, 32, 34, 44]",28,3914616900,2004-05-08
74,"[6, 15, 17, 18, 35, 40]",23,5284949800,2004-05-01
73,"[3, 12, 18, 32, 40, 43]",38,2766662100,2004-04-24
72,"[2, 4, 11, 17, 26, 27]",1,3260524600,2004-04-17
71,"[5, 9, 12, 16, 29, 41]",21,0,2004-04-10
70,"[5, 19, 22, 25, 28, 43]",26,5031277800,2004-04-03
69,"[5, 8, 14, 15, 19, 39]",35,4962712200,2004-03-27
68,"[10, 12, 15, 16, 26, 39]",38,2945882100,2004-03-20
67,"[3, 7, 10, 15, 36, 38]",33,2114436500,2004-03-13
66,"[2, 3, 7, 17, 22, 24]",45,3685138200,2004-03-06
65,"[4, 25, 33, 36, 40, 43]",39,3727945800,2004-02-28
64,"[14, 15, 18, 21, 26, 36]",39,3899818000,2004-02-21
63,"[3, 20, 23, 36, 38, 40]",5,7922245500,2004-02-14
62,"[3, 8, 15, 27, 29, 35]",21,15817286400,2004-02-07
61,"[14, 15, 19, 30, 38, 43]",8,3541038800,2004-01-31
60,"[2, 8, 25, 36, 39, 42]",11,2172504600,2004-01-24
59,"[6, 29, 36, 39, 41, 45]",13,4127587300,2004-01-17
58,"[10, 24, 25, 33, 40, 44]",1,3676429200,2004-01-10
57,"[7, 10, 16, 25, 29, 44]",6,4114411900,2004-01-03
56,"[10, 14, 30, 31, 33, 37]",19,3777570900,2003-12-27
55,"[17, 21, 31, 37, 40, 44]",7,7088799600,2003-12-20
54,"[1, 8, 21, 27, 36, 39]",37,5148626600,2003-12-13
53,"[7, 8, 14, 32, 33, 39]",42,5014371000,2003-12-06
52,"[2, 4, 15, 16, 20, 29]",1,3900844900,2003-11-29
51,"[2, 3, 11, 16, 26, 44]",35,2421117000,2003-11-22
50,"[2, 10, 12, 15, 22, 44]",1,5227061400,2003-11-15
49,"[4, 7, 16, 19, 33, 40]",30,1967504600,2003-11-08
48,"[6, 10, 18, 26, 37, 38]",3,2415673600,2003-11-01
47,"[14, 17, 26, 31, 36, 45]",27,3250042400,2003-10-25
46,"[8, 13, 15, 23, 31, 38]",39,5327758800,2003-10-18
45,"[1, 10, 20, 27, 33, 35]",17,8356417800,2003-10-11
44,"[3, 11, 21, 30, 38, 45]",39,3362155800,2003-10-04
43,"[6, 31, 35, 38, 39, 44]",1,17749630800,2003-09-27
42,"[17, 18, 19, 21, 23, 32]",1,6899280100,2003-09-20
41,"[13, 20, 23, 35, 38, 43]",34,0,2003-09-13
40,"[7, 13, 18, 19, 25, 26]",6,1147652400,2003-09-06
39,"[6, 7, 13, 15, 21, 43]",8,2623748800,2003-08-30
38,"[16, 17, 22, 30, 37, 43]",36,5374866400,2003-08-23
37,"[7, 27, 30, 33, 35, 37]",42,4985999400,2003-08-16
36,"[1, 10, 23, 26, 28, 40]",31,16014475800,2003-08-09
35,"[2, 3, 11, 26, 37, 43]",39,5054598200,2003-08-02
34,"[9, 26, 35, 37, 40, 42]",2,3056918000,2003-07-26
33,"[4, 7, 32, 33, 40, 41]",9,14903517600,2003-07-19
32,"[6, 14, 19, 25, 34, 44]",11,1634528300,2003-07-12
31,"[7, 9, 18, 23, 28, 35]",32,8106672900,2003-07-05
30,"[8, 17, 20, 35, 36, 44]",4,8728555500,2003-06-28
29,"[1, 5, 13, 34, 39, 40]",11,3552594000,2003-06-21
28,"[9, 18, 23, 25, 35, 37]",1,1700361100,2003-06-14
27,"[1, 20, 26, 28, 37, 43]",27,9543982500,2003-06-07
26,"[4, 5, 7, 18, 20, 25]",31,3495069900,2003-05-31
25,"[2, 4, 21, 26, 43, 44]",16,24227745300,2003-05-24
24,"[7, 8, 27, 29, 36, 43]",6,0,2003-05-17
23,"[5, 13, 17, 18, 33, 42]",44,4317947700,2003-05-10
22,"[4, 5, 6, 8, 17, 39]",25,4552194900,2003-05-03
21,"[6, 12, 17, 18, 31, 32]",21,797475400,2003-04-26
20,"[10, 14, 18, 20, 23, 30]",41,19352212800,2003-04-19
19,"[6, 30, 38, 39, 40, 43]",26,40722959400,2003-04-12
18,"[3, 12, 13, 19, 32, 35]",29,0,2003-04-05
17,"[3, 4, 9, 17, 32, 37]",1,5349491200,2003-03-29
16,"[6, 7, 24, 37, 38, 40]",33,4377146100,2003-03-22
15,"[3, 4, 16, 30, 31, 37]",13,17014245000,2003-03-15
14,"[2, 6, 12, 31, 33, 40]",15,9375048300,2003-03-08
13,"[22, 23, 25, 37, 38, 42]",26,0,2003-03-01
12,"[2, 11, 21, 25, 39, 45]",44,1348845700,2003-02-22
11,"[1, 7, 36, 37, 41, 42]",14,4780152300,2003-02-15
10,"[9, 25, 30, 33, 41, 44]",6,6430437900,2003-02-08
9,"[2, 4, 16, 17, 36, 39]",14,0,2003-02-01
8,"[8, 19, 25, 34, 37, 39]",9,0,2003-01-25
7,"[2, 9, 16, 25, 26, 40]",42,0,2003-01-18
6,"[14, 15, 26, 27, 40, 42]",34,6574451700,2003-01-11
5,"[16, 24, 29, 40, 41, 42]",3,0,2003-01-04
4,"[14, 27, 30, 31, 40, 42]",2,0,2002-12-28
3,"[11, 16, 19, 21, 27, 31]",30,2000000000,2002-12-21
2,"[9, 13, 21, 25, 32, 42]",2,2002006800,2002-12-14
1,"[10, 23, 29, 33, 37, 40]",16,0,2002-12-07
